# energy_eV,ELF
7.37718496,0.002309923415
7.430568308,0.02181652273
7.475450335,0.03572820596
7.475450335,0.03621313345
7.520603459,0.04919146163
7.740766889,0.06545478247
7.90052901,0.07705654228
7.909922006,0.0775153984
8.063697348,0.09146879583
8.141482622,0.1104956819
8.210146149,0.1239589376
8.210146149,0.1244177937
8.269557034,0.1388144044
8.349891798,0.1578412905
8.400326711,0.1717894737
8.400326711,0.1722483298
8.451066262,0.1861652273
8.522455824,0.2056770409
8.562942177,0.2191402966
8.57381729,0.2195939384
8.6358598,0.2335473358
8.792462487,0.2516565097
8.899239835,0.2646348379
8.899239835,0.2651197654
9.017779243,0.2535127913
9.170528719,0.2349499756
9.281521403,0.2214867199
9.281521403,0.2219403617
9.348811285,0.2070744664
9.382955669,0.187567867
9.416461865,0.1731921134
9.416461865,0.1736509695
9.438865774,0.1587798599
9.576740323,0.1434707512
9.797783008,0.1327658465
9.809564114,0.1323069904
10.00013502,0.1374221933
10.2554304,0.1545980121
10.37969401,0.1680821248
10.39189419,0.1685357667
10.5054633,0.1824578784
10.74794203,0.1769046766
10.94387954,0.1652872739
10.9568908,0.1648336321
11.25073019,0.1545980121
11.66373123,0.1550829395
11.94729266,0.16574613
11.94729266,0.1661893433
12.19403814,0.1796682418
12.44604767,0.1973185596
12.62665498,0.2089359622
12.62665498,0.2093791755
12.90397276,0.2209965781
13.2815534,0.2372494704
13.62043683,0.2474642333
13.62043683,0.2479178752
14.0023343,0.2618712726
14.17218997,0.2808929444
14.29152223,0.2943562001
14.29152223,0.2948150562
14.41205388,0.3087632394
14.60402492,0.3277849112
14.72858417,0.3412481669
14.72858417,0.3417330943
14.87046051,0.3556552061
15.14155251,0.3719133127
15.45426852,0.3839791429
15.45426852,0.3844327847
15.73472869,0.3983809679
15.92559922,0.4169542122
16.07878897,0.4304122535
16.09812251,0.4308658954
16.25428855,0.4447880072
16.47079847,0.4633560372
16.64945276,0.4768505785
16.64945276,0.4773042203
16.83118113,0.4912263321
17.05537536,0.5097943621
17.21966503,0.5232576177
17.24013762,0.5237477595
17.38553726,0.537664657
17.59619537,0.5566863288
17.76737383,0.5701495845
17.76737383,0.5706397263
17.91697815,0.5850102656
18.0895674,0.6040736516
18.22071452,0.617531693
18.22071452,0.6179853349
18.37438414,0.6323975884
18.55288243,0.6514244745
18.68713621,0.6648773016
18.68713621,0.665341372
18.91356561,0.6792843409
19.23393687,0.697398729
19.46699178,0.7108619847
19.46699178,0.7113156265
19.72629546,0.7243252403
20.13397128,0.7424396285
21.15109845,0.7456933355
21.87548357,0.7280325892
22.19322313,0.7150281897
22.21960882,0.7145745478
22.54265115,0.701564934
22.95329905,0.682996904
23.17471468,0.6695336484
23.20226727,0.6690800065
23.45551944,0.6551266091
23.82482207,0.6370435066
24.1131785,0.6240391071
24.14152086,0.6235489653
24.43437019,0.6100857096
24.90737638,0.5920078214
25.23914692,0.5790034219
25.26915393,0.5785184944
25.60608915,0.5650500244
26.10389243,0.5469721362
26.45124362,0.5344213785
26.48304928,0.5339677367
26.86771334,0.5204992667
27.39004363,0.5023848786
27.78788171,0.4889268372
27.78788171,0.4893804791
28.15840128,0.4754583673
28.67173556,0.4573439791
29.0164043,0.4438807235
29.0164043,0.4443395796
29.43826262,0.4304174678
30.08156229,0.4132155776
30.59399639,0.4002424637
30.59399639,0.4006961056
31.15173214,0.3876864918
31.94657937,0.3709695291
32.52897303,0.3584552713
32.5680867,0.3579651295
33.11930063,0.3449868014
33.84395411,0.3277849112
34.50190821,0.315719081
34.54292778,0.3152654391
35.25538516,0.3027146814
36.20232245,0.286002933
36.86180158,0.2739318885
36.90562684,0.2734730324
37.57893249,0.2609327033
38.53777196,0.2442105263
39.28644725,0.2321499104
39.28644725,0.2326035522
40.09782384,0.2200788659
41.27223298,0.2038207593
42.07403079,0.192208571
42.12462168,0.1917549291
42.99403411,0.1801531693
44.20071864,0.1634362066
45.05940829,0.1513703764
45.11358888,0.1508854489
45.93167873,0.1402170442
47.44898084,0.1253511488
48.66360027,0.1146879583
48.72079893,0.1142030308
49.9686496,0.1030809842
51.61442995,0.08821508881
52.99861395,0.07846439628
53.06162439,0.07800554017
54.68434983,0.06916734561
57.03417662,0.0589525827
61.08105647,0.04503047091
64.08449188,0.03758970181
68.88322063,0.02923122047
72.36306048,0.02412644615
77.87312279,0.020413883
81.90437523,0.01716017598
88.13262759,0.01346325566
92.70499639,0.01160697409
99.87181053,0.008812123187
