T_eV,sigma_pwba,corr_stage1_mc,corr_stage2_rel_long,corr_stage3_rel_trans,corr_stage4_density,sigma_corrected,use_mc,use_rel_long,use_rel_trans,use_density_effect
10.0,1.0879196107187937e-21,4.149714026027383e-22,0.0,0.0,0.0,1.502891013321532e-21,1,0,0,0
10.233402121916418,1.2630205617405033e-21,3.2885144015220375e-22,0.0,0.0,0.0,1.591872001892707e-21,1,0,0,0
10.472251898884348,1.4331208131699739e-21,2.4243388104701523e-22,0.0,0.0,0.0,1.6755546942169891e-21,1,0,0,0
10.716676480328633,1.603614894331317e-21,1.551688110843195e-22,0.0,0.0,0.0,1.7587837054156366e-21,1,0,0,0
10.966805983368685,1.7762536011604663e-21,6.561959254633524e-23,0.0,0.0,0.0,1.8418731937068016e-21,1,0,0,0
11.222773562085077,1.9471600695067393e-21,-2.7581599150746344e-23,0.0,0.0,0.0,1.919578470355993e-21,1,0,0,0
11.484715478402896,2.128331654713015e-21,-8.342979533039938e-23,0.0,0.0,0.0,2.0449018593826156e-21,1,0,0,0
11.752771174629451,2.314564086010918e-21,-1.433242636629738e-22,0.0,0.0,0.0,2.171239822347944e-21,1,0,0,0
12.02708334768512,2.5060852178866786e-21,-2.0846476331226585e-22,0.0,0.0,0.0,2.2976204545744127e-21,1,0,0,0
12.307798025066651,2.7008395681559153e-21,-2.7847962995968567e-22,0.0,0.0,0.0,2.4223599381962296e-21,1,0,0,0
12.595064642583576,2.900577046204728e-21,-3.535086608199028e-22,0.0,0.0,0.0,2.5470683853848253e-21,1,0,0,0
12.889036123908928,3.0975378637108793e-21,-4.268869059544854e-22,0.0,0.0,0.0,2.670650957756394e-21,1,0,0,0
13.189868961986699,3.305246238087402e-21,-4.958959371811353e-22,0.0,0.0,0.0,2.8093503009062665e-21,1,0,0,0
13.497723302339425,3.5401670246973475e-21,-5.777089069579859e-22,0.0,0.0,0.0,2.9624581177393616e-21,1,0,0,0
13.812763028320095,3.77783432295488e-21,-6.699277087233384e-22,0.0,0.0,0.0,3.1079066142315418e-21,1,0,0,0
14.135155848353957,4.036735971074855e-21,-7.693591892566503e-22,0.0,0.0,0.0,3.267376781818205e-21,1,0,0,0
14.465073385216463,4.2964983222239795e-21,-8.7635381362334e-22,0.0,0.0,0.0,3.4201445086006395e-21,1,0,0,0
14.802691267395094,4.555641771375166e-21,-9.893068129911554e-22,0.0,0.0,0.0,3.566334958384011e-21,1,0,0,0
15.148189222583458,4.837953120676356e-21,-1.1126517499479192e-21,0.0,0.0,0.0,3.725301370728437e-21,1,0,0,0
15.501751173357704,5.111677281479777e-21,-1.2383274363316702e-21,0.0,0.0,0.0,3.8733498451481066e-21,1,0,0,0
15.863565335085905,5.402344904361271e-21,-1.3714137562204734e-21,0.0,0.0,0.0,4.0309311481407974e-21,1,0,0,0
16.23382431612278,5.647363891445902e-21,-1.4888376260833174e-21,0.0,0.0,0.0,4.158526265362585e-21,1,0,0,0
16.61272522034293,5.8857444743067744e-21,-1.600970839473905e-21,0.0,0.0,0.0,4.2847736348328694e-21,1,0,0,0
17.000469752067172,6.13310478023842e-21,-1.7156685487494646e-21,0.0,0.0,0.0,4.4174362314889555e-21,1,0,0,0
17.397264323438016,6.3618863404841924e-21,-1.811451155134596e-21,0.0,0.0,0.0,4.550435185349596e-21,1,0,0,0
17.803320164301137,6.6171433069996206e-21,-1.917606661286578e-21,0.0,0.0,0.0,4.699536645713043e-21,1,0,0,0
18.21885343465167,6.872951699137368e-21,-2.0243702853177093e-21,0.0,0.0,0.0,4.848581413819659e-21,1,0,0,0
18.644085339704862,7.15332488609094e-21,-2.136967771879697e-21,0.0,0.0,0.0,5.016357114211243e-21,1,0,0,0
19.07924224765266,7.410319449012142e-21,-2.242108318619273e-21,0.0,0.0,0.0,5.168211130392869e-21,1,0,0,0
19.52455581016861,7.68080207192273e-21,-2.3489795259515037e-21,0.0,0.0,0.0,5.3318225459712266e-21,1,0,0,0
19.980263085725507,7.964083643030555e-21,-2.456459011189626e-21,0.0,0.0,0.0,5.507624631840929e-21,1,0,0,0
20.446606665791165,8.23622114131563e-21,-2.558527402456265e-21,0.0,0.0,0.0,5.6776937388593656e-21,1,0,0,0
20.92383480396977,8.525181520685036e-21,-2.6624774401540198e-21,0.0,0.0,0.0,5.8627040805310164e-21,1,0,0,0
21.412201548157295,8.817628575829087e-21,-2.7638898677906637e-21,0.0,0.0,0.0,6.053738708038424e-21,1,0,0,0
21.911966875781495,9.082276901668351e-21,-2.8554674518909138e-21,0.0,0.0,0.0,6.2268094497774375e-21,1,0,0,0
22.423396832198463,9.372701896211349e-21,-2.9490060502758553e-21,0.0,0.0,0.0,6.423695845935494e-21,1,0,0,0
22.94676367231936,9.67432993552647e-21,-3.0448608242266568e-21,0.0,0.0,0.0,6.629469111299813e-21,1,0,0,0
23.482346005542762,9.972056677480382e-21,-3.1351269830950476e-21,0.0,0.0,0.0,6.836929694385335e-21,1,0,0,0
24.030428944069683,1.0271922435168917e-20,-3.223236523235518e-21,0.0,0.0,0.0,7.048685911933399e-21,1,0,0,0
24.591304254680452,1.0554437982026471e-20,-3.3030169484619556e-21,0.0,0.0,0.0,7.251421033564515e-21,1,0,0,0
25.165270514053915,1.0836866850205469e-20,-3.379821871052755e-21,0.0,0.0,0.0,7.457044979152714e-21,1,0,0,0
25.752633267712014,1.1123220802430553e-20,-3.456102736850337e-21,0.0,0.0,0.0,7.667118065580216e-21,1,0,0,0
26.353705192673946,1.1411830358488265e-20,-3.531714370573937e-21,0.0,0.0,0.0,7.880115987914328e-21,1,0,0,0
26.968806263906927,1.1734427926885319e-20,-3.612939670247859e-21,0.0,0.0,0.0,8.12148825663746e-21,1,0,0,0
27.598263924661804,1.2027858571209523e-20,-3.687683841124317e-21,0.0,0.0,0.0,8.340174730085206e-21,1,0,0,0
28.242413260784357,1.2341489876571067e-20,-3.766616083113992e-21,0.0,0.0,0.0,8.574873793457075e-21,1,0,0,0
28.901597179095102,1.2638369401860172e-20,-3.841264255035026e-21,0.0,0.0,0.0,8.797105146825145e-21,1,0,0,0
29.576166589932537,1.297234893686396e-20,-3.9244425256451936e-21,0.0,0.0,0.0,9.047906411218767e-21,1,0,0,0
30.26648059395692,1.3299276388133768e-20,-4.0093169818989055e-21,0.0,0.0,0.0,9.289959406234863e-21,1,0,0,0
30.972906673314085,1.3644020062322536e-20,-4.098042152071341e-21,0.0,0.0,0.0,9.545977910251195e-21,1,0,0,0
31.695820887261153,1.3948559633342488e-20,-4.179354861980676e-21,0.0,0.0,0.0,9.769204771361811e-21,1,0,0,0
32.435608072358114,1.4287717411953304e-20,-4.241047455610882e-21,0.0,0.0,0.0,1.0046669956342422e-20,1,0,0,0
33.1926620473319,1.466102317288293e-20,-4.297776622838702e-21,0.0,0.0,0.0,1.0363246550044227e-20,1,0,0,0
33.96738582272208,1.500897575787882e-20,-4.352996940087835e-21,0.0,0.0,0.0,1.0655978817790985e-20,1,0,0,0
34.76019181541977,1.5396196950948828e-20,-4.42645916491243e-21,0.0,0.0,0.0,1.0969737786036398e-20,1,0,0,0
35.57150206821386,1.577491049033617e-20,-4.506675946043577e-21,0.0,0.0,0.0,1.1268234544292593e-20,1,0,0,0
36.401748474461414,1.6169108326471765e-20,-4.592254035883079e-21,0.0,0.0,0.0,1.1576854290588687e-20,1,0,0,0
37.25137300800211,1.6543856058463876e-20,-4.678827216348299e-21,0.0,0.0,0.0,1.1865028842115577e-20,1,0,0,0
38.12082795843888,1.6948980615817162e-20,-4.778083372886001e-21,0.0,0.0,0.0,1.2170897242931161e-20,1,0,0,0
39.01057617190993,1.7337267913875593e-20,-4.879852296298766e-21,0.0,0.0,0.0,1.2457415617576827e-20,1,0,0,0
39.921091297480515,1.7771232131113623e-20,-4.993773820810901e-21,0.0,0.0,0.0,1.2777458310302721e-20,1,0,0,0
40.852858039285614,1.8184443878798305e-20,-5.108200579822287e-21,0.0,0.0,0.0,1.3076243298976017e-20,1,0,0,0
41.80637241455758,1.856417504122473e-20,-5.217066076168734e-21,0.0,0.0,0.0,1.3347108965055994e-20,1,0,0,0
42.78214201767617,1.897656111369553e-20,-5.337647504923614e-21,0.0,0.0,0.0,1.3638913608771916e-20,1,0,0,0
43.78068629038169,1.9347814340404314e-20,-5.449295901091145e-21,0.0,0.0,0.0,1.389851843931317e-20,1,0,0,0
44.802536798294895,1.9785065898093893e-20,-5.58028208495758e-21,0.0,0.0,0.0,1.4204783813136313e-20,1,0,0,0
45.84823751389096,2.0184195206364657e-20,-5.7029612571436484e-21,0.0,0.0,0.0,1.448123394922101e-20,1,0,0,0
46.918345106077986,2.056028397458112e-20,-5.824641659781231e-21,0.0,0.0,0.0,1.473564231479989e-20,1,0,0,0
48.01342923653453,2.0949287831116352e-20,-5.957932390472065e-21,0.0,0.0,0.0,1.4991355440644287e-20,1,0,0,0
49.13407286296362,2.131503610398702e-20,-6.0909950024842994e-21,0.0,0.0,0.0,1.522404110150272e-20,1,0,0,0
50.2808725494248,2.1704387550154107e-20,-6.228324979853664e-21,0.0,0.0,0.0,1.5476062570300443e-20,1,0,0,0
51.45443878390927,2.200878449442338e-20,-6.349371361533972e-21,0.0,0.0,0.0,1.565941313288941e-20,1,0,0,0
52.65539630332756,2.230888058526655e-20,-6.470988577845478e-21,0.0,0.0,0.0,1.583789200742107e-20,1,0,0,0
53.884384426082235,2.2629832757707256e-20,-6.594082530747388e-21,0.0,0.0,0.0,1.603575022695987e-20,1,0,0,0
55.14205739240302,2.2840318504664527e-20,-6.691988575768731e-21,0.0,0.0,0.0,1.6148329928895796e-20,1,0,0,0
56.4290847126254,2.3098452059988916e-20,-6.795488152310107e-21,0.0,0.0,0.0,1.630296390767881e-20,1,0,0,0
57.7461515235982,2.331745048828666e-20,-6.888939201021819e-21,0.0,0.0,0.0,1.642851128726484e-20,1,0,0,0
59.09395895340971,2.355063991935745e-20,-6.980689982865118e-21,0.0,0.0,0.0,1.6569949936492332e-20,1,0,0,0
60.47322449462649,2.37243521816551e-20,-7.063419934965214e-21,0.0,0.0,0.0,1.6660932246689885e-20,1,0,0,0
61.88468238624386,2.3926594997413957e-20,-7.141731538521896e-21,0.0,0.0,0.0,1.678486345889206e-20,1,0,0,0
63.32908400455115,2.4124788164155964e-20,-7.217239214052417e-21,0.0,0.0,0.0,1.6907548950103547e-20,1,0,0,0
64.80719826311972,2.4276989938210217e-20,-7.280393529832317e-21,0.0,0.0,0.0,1.69965964083779e-20,1,0,0,0
66.31981202212673,2.4454261272252387e-20,-7.346517052253687e-21,0.0,0.0,0.0,1.71077442199987e-20,1,0,0,0
67.86773050723295,2.4539166882682246e-20,-7.389790137098529e-21,0.0,0.0,0.0,1.7149376745583718e-20,1,0,0,0
69.45177773823696,2.4686938101822713e-20,-7.44099248478219e-21,0.0,0.0,0.0,1.7245945617040522e-20,1,0,0,0
71.07279696773419,2.4824222767893086e-20,-7.488154729083614e-21,0.0,0.0,0.0,1.7336068038809472e-20,1,0,0,0
72.73165113001458,2.4902744146970516e-20,-7.517660673830413e-21,0.0,0.0,0.0,1.7385083473140103e-20,1,0,0,0
74.42922330043758,2.5003244937143925e-20,-7.547489886259198e-21,0.0,0.0,0.0,1.7455755050884727e-20,1,0,0,0
76.16641716552891,2.5115040583607273e-20,-7.577838596727577e-21,0.0,0.0,0.0,1.7537201986879697e-20,1,0,0,0
77.94415750404951,2.5120550309489277e-20,-7.586094811373293e-21,0.0,0.0,0.0,1.7534455498115984e-20,1,0,0,0
79.76339067929277,2.5177646969073155e-20,-7.595014381352298e-21,0.0,0.0,0.0,1.7582632587720857e-20,1,0,0,0
81.62508514287228,2.5240365617488037e-20,-7.60458465132226e-21,0.0,0.0,0.0,1.7635780966165778e-20,1,0,0,0
83.53023195026779,2.524577863826936e-20,-7.599664523427624e-21,0.0,0.0,0.0,1.7646114114841736e-20,1,0,0,0
85.47984528840409,2.527895653948984e-20,-7.596524427076096e-21,0.0,0.0,0.0,1.7682432112413743e-20,1,0,0,0
87.47496301554415,2.529694649123694e-20,-7.585013713331443e-21,0.0,0.0,0.0,1.7711932777905496e-20,1,0,0,0
89.51664721378302,2.523566560368279e-20,-7.561231767071927e-21,0.0,0.0,0.0,1.7674433836610864e-20,1,0,0,0
91.60598475443709,2.5229042830898628e-20,-7.53833619015059e-21,0.0,0.0,0.0,1.7690706640748038e-20,1,0,0,0
93.74408787662996,2.521717239265162e-20,-7.51190361521408e-21,0.0,0.0,0.0,1.770526877743754e-20,1,0,0,0
95.93209477938241,2.518302576593978e-20,-7.477141359665117e-21,0.0,0.0,0.0,1.7705884406274662e-20,1,0,0,0
98.17117022752194,2.511090387801981e-20,-7.436053082933048e-21,0.0,0.0,0.0,1.7674850795086762e-20,1,0,0,0
100.46250617173403,2.5073153098907644e-20,-7.396687239342038e-21,0.0,0.0,0.0,1.7676465859565606e-20,1,0,0,0
102.80732238308647,2.5010547022019518e-20,-7.347220449728537e-21,0.0,0.0,0.0,1.766332657229098e-20,1,0,0,0
105.20686710236228,2.4942459827099934e-20,-7.294884875204601e-21,0.0,0.0,0.0,1.7647574951895333e-20,1,0,0,0
107.66241770454933,2.4779242678376622e-20,-7.2262879101599e-21,0.0,0.0,0.0,1.7552954768216722e-20,1,0,0,0
110.17528137883873,2.4695949515085506e-20,-7.166838723139774e-21,0.0,0.0,0.0,1.752911079194573e-20,1,0,0,0
112.74679582449473,2.460481235028667e-20,-7.103224533314237e-21,0.0,0.0,0.0,1.7501587816972433e-20,1,0,0,0
115.37832996296608,2.4489791051233604e-20,-7.030304095692594e-21,0.0,0.0,0.0,1.745948695554101e-20,1,0,0,0
118.07128466661891,2.4374308107517247e-20,-6.956566830180859e-21,0.0,0.0,0.0,1.7417741277336388e-20,1,0,0,0
120.82709350447759,2.422877990867233e-20,-6.880813019110709e-21,0.0,0.0,0.0,1.7347966889561622e-20,1,0,0,0
123.6472235053715,2.408673997914259e-20,-6.796756595579432e-21,0.0,0.0,0.0,1.728998338356316e-20,1,0,0,0
126.53317593889429,2.3943763617407778e-20,-6.711966448351175e-21,0.0,0.0,0.0,1.7231797169056603e-20,1,0,0,0
129.4864871145905,2.3806237374667763e-20,-6.627172803417405e-21,0.0,0.0,0.0,1.7179064571250358e-20,1,0,0,0
132.5087291997954,2.3647739159804887e-20,-6.536017948337382e-21,0.0,0.0,0.0,1.7111721211467505e-20,1,0,0,0
135.60151105656334,2.3394973449717295e-20,-6.4338258385386624e-21,0.0,0.0,0.0,1.6961147611178633e-20,1,0,0,0
138.76647909813084,2.3235641083840423e-20,-6.342224411517303e-21,0.0,0.0,0.0,1.689341667232312e-20,1,0,0,0
142.00531816536818,2.3048686743556375e-20,-6.241020657273247e-21,0.0,0.0,0.0,1.680766608628313e-20,1,0,0,0
145.31975242368955,2.2894851316389968e-20,-6.148682656811568e-21,0.0,0.0,0.0,1.67461686595784e-20,1,0,0,0
148.71154628089536,2.271012902541699e-20,-6.047687633607228e-21,0.0,0.0,0.0,1.6662441391809763e-20,1,0,0,0
152.1825053264387,2.2530854773837196e-20,-5.948621698038333e-21,0.0,0.0,0.0,1.6582233075798863e-20,1,0,0,0
155.73447729261352,2.2315877239063835e-20,-5.839655839869504e-21,0.0,0.0,0.0,1.6476221399194332e-20,1,0,0,0
159.36935303817745,2.2097973058837912e-20,-5.736684722377877e-21,0.0,0.0,0.0,1.6361288336460035e-20,1,0,0,0
163.08906755493325,2.1895131302139305e-20,-5.6315942375458804e-21,0.0,0.0,0.0,1.6263537064593425e-20,1,0,0,0
166.89560099780232,2.1699514697388075e-20,-5.52791101051517e-21,0.0,0.0,0.0,1.6171603686872905e-20,1,0,0,0
170.7909797389427,2.148608485851531e-20,-5.419254717730992e-21,0.0,0.0,0.0,1.6066830140784317e-20,1,0,0,0
174.77727744646808,2.127967588945086e-20,-5.314227850974678e-21,0.0,0.0,0.0,1.5965448038476182e-20,1,0,0,0
178.85661618834618,2.1067976570813842e-20,-5.207074627897316e-21,0.0,0.0,0.0,1.5860901942916526e-20,1,0,0,0
183.0311675620613,2.0857849054658015e-20,-5.100953005186525e-21,0.0,0.0,0.0,1.575689604947149e-20,1,0,0,0
187.30315385064384,2.0527176615984355e-20,-4.982994328503119e-21,0.0,0.0,0.0,1.5544182287481236e-20,1,0,0,0
191.6748492056815,2.032129525032187e-20,-4.87909410766843e-21,0.0,0.0,0.0,1.544220114265344e-20,1,0,0,0
196.14858085794293,2.011173072826674e-20,-4.7752161015255935e-21,0.0,0.0,0.0,1.5336514626741146e-20,1,0,0,0
200.72673035625684,1.9896384543856638e-20,-4.670392202379026e-21,0.0,0.0,0.0,1.5225992341477612e-20,1,0,0,0
205.41173483530642,1.9665234586979448e-20,-4.5638933142208246e-21,0.0,0.0,0.0,1.5101341272758624e-20,1,0,0,0
210.20608831301584,1.942569569658525e-20,-4.455791332480459e-21,0.0,0.0,0.0,1.496990436410479e-20,1,0,0,0
215.11234301821673,1.9212707461359173e-20,-4.35461325217672e-21,0.0,0.0,0.0,1.4858094209182453e-20,1,0,0,0
220.13311074930323,1.8992290439029038e-20,-4.252844645941438e-21,0.0,0.0,0.0,1.47394457930876e-20,1,0,0,0
225.27106426459804,1.8750503663483865e-20,-4.147836320437291e-21,0.0,0.0,0.0,1.4602667343046574e-20,1,0,0,0
230.52893870517084,1.8496623603035212e-20,-4.047583499338212e-21,0.0,0.0,0.0,1.4449040103697e-20,1,0,0,0
235.9095330508634,1.827170404962059e-20,-3.94835525969522e-21,0.0,0.0,0.0,1.432334878992537e-20,1,0,0,0
241.41571161030177,1.802031351512661e-20,-3.845102471512844e-21,0.0,0.0,0.0,1.4175211043613766e-20,1,0,0,0
247.05040554568254,1.781565219590816e-20,-3.750884060782508e-21,0.0,0.0,0.0,1.4064768135125653e-20,1,0,0,0
252.81661443315005,1.7581771934125956e-20,-3.653806845604513e-21,0.0,0.0,0.0,1.3927965088521443e-20,1,0,0,0
258.7174078595924,1.7363090372279984e-20,-3.560630349855568e-21,0.0,0.0,0.0,1.3802460022424416e-20,1,0,0,0
264.75592705670664,1.7129667202538662e-20,-3.4655293691367815e-21,0.0,0.0,0.0,1.366413783340188e-20,1,0,0,0
270.93538657320516,1.6898867093854555e-20,-3.3729488522042804e-21,0.0,0.0,0.0,1.3525918241650275e-20,1,0,0,0
277.2590759860481,1.669428358739285e-20,-3.2850484923216346e-21,0.0,0.0,0.0,1.3409235095071214e-20,1,0,0,0
283.73036165162114,1.644841912964418e-20,-3.191833718910399e-21,0.0,0.0,0.0,1.3256585410733781e-20,1,0,0,0
290.3526884977814,1.6214650672795307e-20,-3.1029978010287677e-21,0.0,0.0,0.0,1.311165287176654e-20,1,0,0,0
297.1295818577334,1.600835300501805e-20,-3.018929201138735e-21,0.0,0.0,0.0,1.2989423803879313e-20,1,0,0,0
304.06464934670686,1.5799865332805663e-20,-2.9361839530002696e-21,0.0,0.0,0.0,1.2863681379805393e-20,1,0,0,0
311.1615827824363,1.5460350718735557e-20,-2.846430338855344e-21,0.0,0.0,0.0,1.2613920379880213e-20,1,0,0,0
318.4241601504653,1.5262582411963498e-20,-2.7678902494507897e-21,0.0,0.0,0.0,1.2494692162512709e-20,1,0,0,0
325.85624761532233,1.5037556025240825e-20,-2.6873275154287342e-21,0.0,0.0,0.0,1.2350228509812091e-20,1,0,0,0
333.46180157863625,1.4841227378919925e-20,-2.611677691387781e-21,0.0,0.0,0.0,1.2229549687532144e-20,1,0,0,0
341.2448707852889,1.4630452126036595e-20,-2.5359419121021935e-21,0.0,0.0,0.0,1.2094510213934401e-20,1,0,0,0
349.2095984787271,1.4388344497506205e-20,-2.456487370249025e-21,0.0,0.0,0.0,1.193185712725718e-20,1,0,0,0
357.3602246065788,1.4190652476075378e-20,-2.3857151113508848e-21,0.0,0.0,0.0,1.1804937364724493e-20,1,0,0,0
365.7010880777493,1.3968274401574514e-20,-2.312722112803244e-21,0.0,0.0,0.0,1.165555228877127e-20,1,0,0,0
374.23662907219807,1.3777132510983245e-20,-2.2447762205722966e-21,0.0,0.0,0.0,1.1532356290410948e-20,1,0,0,0
382.9713914046281,1.3559263440579356e-20,-2.1751207863333718e-21,0.0,0.0,0.0,1.1384142654245984e-20,1,0,0,0
391.9100249433402,1.3360997447705005e-20,-2.1088527283978743e-21,0.0,0.0,0.0,1.125214471930713e-20,1,0,0,0
401.0572880855496,1.3146463129486419e-20,-2.0425380057230615e-21,0.0,0.0,0.0,1.1103925123763358e-20,1,0,0,0
410.41805029047094,1.2971102005670887e-20,-1.981471597442208e-21,0.0,0.0,0.0,1.0989630408228679e-20,1,0,0,0
419.9972946715306,1.2786189192902613e-20,-1.920990186047481e-21,0.0,0.0,0.0,1.0865199006855132e-20,1,0,0,0
429.8001206490799,1.258619643555821e-20,-1.8603367935890337e-21,0.0,0.0,0.0,1.0725859641969177e-20,1,0,0,0
439.83174666502237,1.2377149269234794e-20,-1.7993881416859564e-21,0.0,0.0,0.0,1.0577761127548838e-20,1,0,0,0
450.09751296080464,1.2177075536079034e-20,-1.7413964707111952e-21,0.0,0.0,0.0,1.0435679065367838e-20,1,0,0,0
460.60288442023983,1.193014014687394e-20,-1.6836253441185007e-21,0.0,0.0,0.0,1.024651480275544e-20,1,0,0,0
471.3534534786907,1.1750692029795583e-20,-1.6305569968627707e-21,0.0,0.0,0.0,1.0120135032932813e-20,1,0,0,0
482.3549431001467,1.1567840243129388e-20,-1.5776556174142127e-21,0.0,0.0,0.0,9.990184625715175e-21,1,0,0,0
493.6132098237917,1.1402519685986476e-20,-1.5281146486021599e-21,0.0,0.0,0.0,9.874405037384316e-21,1,0,0,0
505.13424688167663,1.1209421138371848e-20,-1.4772390649026164e-21,0.0,0.0,0.0,9.732182073469232e-21,1,0,0,0
516.9241873891599,1.102044375933972e-20,-1.4275211408449459e-21,0.0,0.0,0.0,9.592922618494774e-21,1,0,0,0
528.9893076098151,1.0853749179524414e-20,-1.380995970037276e-21,0.0,0.0,0.0,9.472753209487138e-21,1,0,0,0
541.3360302965376,1.0680759863584915e-20,-1.3355635432524854e-21,0.0,0.0,0.0,9.34519632033243e-21,1,0,0,0
553.97092811064,1.051272022303273e-20,-1.2912885856149224e-21,0.0,0.0,0.0,9.221431637417808e-21,1,0,0,0
566.9007271207433,1.035832345511953e-20,-1.2491027583281372e-21,0.0,0.0,0.0,9.109220696791393e-21,1,0,0,0
580.1323103833379,1.0182080776037487e-20,-1.2065213329730587e-21,0.0,0.0,0.0,8.975559443064428e-21,1,0,0,0
593.6727216069127,1.0001874695891439e-20,-1.1644072985218914e-21,0.0,0.0,0.0,8.837467397369547e-21,1,0,0,0
607.5291689016077,9.854161539512273e-21,-1.125849284652631e-21,0.0,0.0,0.0,8.728312254859642e-21,1,0,0,0
621.7090286163827,9.666515839092873e-21,-1.0852095098578223e-21,0.0,0.0,0.0,8.581306329235051e-21,1,0,0,0
636.2198492657488,9.526022354348936e-21,-1.0492777391668983e-21,0.0,0.0,0.0,8.476744615182038e-21,1,0,0,0
651.0693555481455,9.35586626098392e-21,-1.0120414549960563e-21,0.0,0.0,0.0,8.343824805987863e-21,1,0,0,0
666.265452458115,9.231703731335222e-21,-9.792118997705695e-22,0.0,0.0,0.0,8.252491831564652e-21,1,0,0,0
681.816229494448,9.046852757240836e-21,-9.42999697327105e-22,0.0,0.0,0.0,8.10385305991373e-21,1,0,0,0
697.7299649665538,8.900457906138469e-21,-9.104690638874277e-22,0.0,0.0,0.0,7.989988842251041e-21,1,0,0,0
714.0151304013403,8.782177973712798e-21,-8.806619547135316e-22,0.0,0.0,0.0,7.901516018999266e-21,1,0,0,0
730.68039505295,8.605073360691283e-21,-8.4777615391593e-22,0.0,0.0,0.0,7.757297206775353e-21,1,0,0,0
747.7346305177588,8.476977466375449e-21,-8.188632656628716e-22,0.0,0.0,0.0,7.658114200712577e-21,1,0,0,0
765.1869154570818,8.353058877240367e-21,-7.909346737517026e-22,0.0,0.0,0.0,7.562124203488664e-21,1,0,0,0
783.0465404301183,8.193621741421784e-21,-7.615955533091925e-22,0.0,0.0,0.0,7.432026188112591e-21,1,0,0,0
801.3230128396887,8.067914503549619e-21,-7.351289230163856e-22,0.0,0.0,0.0,7.332785580533233e-21,1,0,0,0
820.0260619934131,7.912978323071352e-21,-7.079406814470802e-22,0.0,0.0,0.0,7.205037641624272e-21,1,0,0,0
839.1656442830161,7.771587185213244e-21,-6.819180781509403e-22,0.0,0.0,0.0,7.089669107062304e-21,1,0,0,0
858.751948484517,7.647368368344553e-21,-6.579539184551357e-22,0.0,0.0,0.0,6.989414449889417e-21,1,0,0,0
878.795401182132,7.537001206375636e-21,-6.353309522427239e-22,0.0,0.0,0.0,6.901670254132912e-21,1,0,0,0
899.3066723187613,7.26558356869343e-21,-6.092795570959546e-22,0.0,0.0,0.0,6.656304011597475e-21,1,0,0,0
920.296680876041,7.144770503695323e-21,-5.87409864566164e-22,0.0,0.0,0.0,6.557360639129159e-21,1,0,0,0
941.7766006869518,7.040499622888403e-21,-5.67109033678959e-22,0.0,0.0,0.0,6.473390589209444e-21,1,0,0,0
963.7578663841089,6.918332079317327e-21,-5.465680762468669e-22,0.0,0.0,0.0,6.37176400307046e-21,1,0,0,0
986.2521794868784,6.808336619276787e-21,-5.270689380611587e-22,0.0,0.0,0.0,6.281267681215629e-21,1,0,0,0
1009.2715146305708,6.655900306113325e-21,-4.861878525201325e-22,6.675625845031802e-21,0.0,0.0,6.1697124535931925e-21,1,1,0,0
1032.8281259410285,6.502167330489336e-21,-4.659026396062646e-22,6.521887179246354e-21,0.0,0.0,6.0362646908830716e-21,1,1,0,0
1056.9345535579885,6.394830928939811e-21,-4.481486400341771e-22,6.414678069777262e-21,0.0,0.0,5.946682288905634e-21,1,1,0,0
1081.6036303107094,6.294217473822672e-21,-4.312789345438247e-22,6.3142084570456076e-21,0.0,0.0,5.862938539278847e-21,1,1,0,0
1106.848488549412,6.190263059678554e-21,-4.1492160908862775e-22,6.210382927458986e-21,0.0,0.0,5.775341450589926e-21,1,1,0,0
1132.6825671361537,6.070949924252095e-21,-3.981348170235458e-22,6.0911427156333285e-21,0.0,0.0,5.672815107228549e-21,1,1,0,0
1159.1196185988856,5.986804327983266e-21,-3.834746436667689e-22,6.007182186686936e-21,0.0,0.0,5.603329684316497e-21,1,1,0,0
1186.173716452478,5.843744180510954e-21,-3.669262589838305e-22,5.8640995289272795e-21,0.0,0.0,5.4768179215271235e-21,1,1,0,0
1213.8592626906277,5.749129073994865e-21,-3.527047770934936e-22,5.769622442741325e-21,0.0,0.0,5.3964242969013716e-21,1,1,0,0
1242.1909954526175,5.65951378598918e-21,-3.3910143214985696e-22,5.6801587656744675e-21,0.0,0.0,5.320412353839323e-21,1,1,0,0
1271.1839968690288,5.562540188106299e-21,-3.2577733223417567e-22,5.583305221538681e-21,0.0,0.0,5.2367628558721235e-21,1,1,0,0
1300.8537010905707,5.458965489150513e-21,-3.1242823750462246e-22,5.479819714016767e-21,0.0,0.0,5.14653725164589e-21,1,1,0,0
1331.2159025043077,5.363876345894083e-21,-2.997929560212631e-22,5.384845783758492e-21,0.0,0.0,5.06408338987282e-21,1,1,0,0
1362.286764141647,5.2772034658783885e-21,-2.8790079531491367e-22,5.298315802317082e-21,0.0,0.0,4.989302670563475e-21,1,1,0,0
1394.0828262825771,5.143449350055684e-21,-2.7489786028962195e-22,5.1645070753719315e-21,0.0,0.0,4.868551489766062e-21,1,1,0,0
1426.6210152607368,5.055272240215282e-21,-2.6369125223610006e-22,5.0764522507318634e-21,0.0,0.0,4.791580987979182e-21,1,1,0,0
1459.9186524739787,4.983148379328111e-21,-2.5340203776044283e-22,5.004513737756148e-21,0.0,0.0,4.7297463415676684e-21,1,1,0,0
1493.9934636052578,4.866673367528177e-21,-2.418576235660686e-22,4.8880265894434824e-21,0.0,0.0,4.6248157439621084e-21,1,1,0,0
1528.8635880587294,4.759180757264143e-21,-2.3112285492503113e-22,4.780549962831105e-21,0.0,0.0,4.528057902339112e-21,1,1,0,0
1564.5475886160957,4.690359712572724e-21,-2.2190416922824056e-22,4.711911703954341e-21,0.0,0.0,4.4684555433444834e-21,1,1,0,0
1601.0644613183179,4.599705198319275e-21,-2.122528441579711e-22,4.621334198585353e-21,0.0,0.0,4.387452354161304e-21,1,1,0,0
1638.4336455779846,4.5335167831891366e-21,-2.0367921557732987e-22,4.5553323745124036e-21,0.0,0.0,4.329837567611807e-21,1,1,0,0
1676.6750345276992,4.468726815183397e-21,-1.954053039253791e-22,4.490732809874025e-21,0.0,0.0,4.273321511258018e-21,1,1,0,0
1715.8089856100048,4.345657085240106e-21,-1.8591553018872203e-22,4.367556787634337e-21,0.0,0.0,4.159741555051384e-21,1,1,0,0
1755.8563314144687,4.25492591878941e-21,-1.7744078223302234e-22,4.276869143639441e-21,0.0,0.0,4.0774851365563875e-21,1,1,0,0
1796.8383907677194,4.185283096593266e-21,-1.6982574806963652e-22,4.20737123482585e-21,0.0,0.0,4.015457348523629e-21,1,1,0,0
1838.7769800823269,4.124596628644767e-21,-1.6268956542115965e-22,4.146872859536659e-21,0.0,0.0,3.961907063223608e-21,1,1,0,0
1881.6944249705555,4.0551297780865865e-21,-1.5553172192742275e-22,4.077542318168214e-21,0.0,0.0,3.899598056159164e-21,1,1,0,0
1925.6135721291987,3.961958775174336e-21,-1.4813449764176527e-22,3.984367776800113e-21,0.0,0.0,3.813824277532571e-21,1,1,0,0
1970.5578015017984,3.9045049610897264e-21,-1.4174333335972991e-22,3.927104777595728e-21,0.0,0.0,3.7627616277299965e-21,1,1,0,0
2016.5510387247464,3.821791826089496e-21,-1.3493313842203033e-22,3.844429535802733e-21,0.0,0.0,3.686858687667466e-21,1,1,0,0
2063.6177678638587,3.766238833644551e-21,-1.2899237893536905e-22,3.789068522501681e-21,0.0,0.0,3.637246454709182e-21,1,1,0,0
2111.7830444482443,3.711851260989993e-21,-1.232602204551177e-22,3.734876785432724e-21,0.0,0.0,3.588591040534875e-21,1,1,0,0
2161.0725088083764,3.586789208458452e-21,-1.164151399726154e-22,3.6095586200608994e-21,0.0,0.0,3.470374068485837e-21,1,1,0,0
2211.5123997254886,3.5234487187390995e-21,-1.1088616330097884e-22,3.546338469195113e-21,0.0,0.0,3.412562555438121e-21,1,1,0,0
2263.1295683995295,3.471426976951101e-21,-1.0577147294705585e-22,3.4945055233565865e-21,0.0,0.0,3.365655504004045e-21,1,1,0,0
2315.951492743152,3.420526736222769e-21,-1.0083725300886869e-22,3.443798049363755e-21,0.0,0.0,3.3196894832139004e-21,1,1,0,0
2370.006292009328,3.354459716664218e-21,-9.577579298033785e-23,3.3778146234049274e-21,0.0,0.0,3.2586839236838803e-21,1,1,0,0
2425.322741760353,3.2904602830096435e-21,-9.092191392441855e-23,3.3139047326715343e-21,0.0,0.0,3.199538369085225e-21,1,1,0,0
2481.9302891862553,3.22115844104221e-21,-8.612509782931787e-23,3.244645221625277e-21,0.0,0.0,3.1350333432128922e-21,1,1,0,0
2539.859068780724,3.151396658580112e-21,-8.160203609085834e-23,3.174911533462053e-21,0.0,0.0,3.0697946224892536e-21,1,1,0,0
2599.139918382933,3.104801278659556e-21,-7.750653910776525e-23,3.128509654236384e-21,0.0,0.0,3.0272947395517906e-21,1,1,0,0
2659.8043955937583,3.0592746065657204e-21,-7.355516198601007e-23,3.0831810534723422e-21,0.0,0.0,2.9857194445797103e-21,1,1,0,0
2721.8847945751795,2.984253696129227e-21,-6.930408508685308e-23,3.0081186770853283e-21,0.0,0.0,2.914949611042374e-21,1,1,0,0
2785.414163241766,2.929777315182188e-21,-6.548585995587056e-23,2.9537539896155848e-21,0.0,0.0,2.8642914552263174e-21,1,1,0,0
2850.426320853435,2.8870434368752467e-21,-6.195618514464526e-23,2.9112223537654192e-21,0.0,0.0,2.8250872517306015e-21,1,1,0,0
2916.955876018796,2.8453718495102046e-21,-5.854967268313735e-23,2.869758488960226e-21,0.0,0.0,2.7868221768270672e-21,1,1,0,0
2985.0382451187293,2.8047536003258018e-21,-5.526132862330702e-23,2.8293537222735937e-21,0.0,0.0,2.7494922717024948e-21,1,1,0,0
3054.709671159968,2.6767477745091527e-21,-5.124579692775494e-23,2.7007736840305104e-21,0.0,0.0,2.6255019775813978e-21,1,1,0,0
3126.0072430687037,2.6366304940994685e-21,-4.821901381114993e-23,2.6608492441888787e-21,0.0,0.0,2.5884114802883186e-21,1,1,0,0
3198.968915434538,2.559449047991731e-21,-4.491341502971787e-23,2.5835081406189917e-21,0.0,0.0,2.514535632962013e-21,1,1,0,0
3273.633528715244,2.520887979780362e-21,-4.2113499892810297e-23,2.545138264498674e-21,0.0,0.0,2.4787744798875516e-21,1,1,0,0
3350.0408299131327,2.483301773611059e-21,-3.9410967087191996e-23,2.5077486611676613e-21,0.0,0.0,2.443890806523867e-21,1,1,0,0
3428.2314937339706,2.446675350750078e-21,-3.6801711394978747e-23,2.4713244727136918e-21,0.0,0.0,2.409873639355099e-21,1,1,0,0
3508.2471442397923,2.4023972073891532e-21,-3.4219852263387136e-23,2.4271657929620705e-21,0.0,0.0,2.368177355125766e-21,1,1,0,0
3590.1303770070685,2.3674814366592965e-21,-3.178945960169681e-23,2.3924604062608084e-21,0.0,0.0,2.3356919770575997e-21,1,1,0,0
3673.924781802074,2.3221779289059415e-21,-2.936758319224906e-23,2.3472514450986304e-21,0.0,0.0,2.2928103457136925e-21,1,1,0,0
3759.6749657854675,2.2641245068163507e-21,-2.704090837791914e-23,2.2891424809272887e-21,0.0,0.0,2.2370835984384316e-21,1,1,0,0
3847.4265772585018,2.198739157175108e-21,-2.4707173161366457e-23,2.2236024077261935e-21,0.0,0.0,2.1740319840137416e-21,1,1,0,0
3937.226329963479,2.166913640780972e-21,-2.2620605554329096e-23,2.19198965150366e-21,0.0,0.0,2.144293035226643e-21,1,1,0,0
4029.1220279513477,2.12200959976e-21,-2.0555526663766317e-23,2.147139868192491e-21,0.0,0.0,2.101454073096234e-21,1,1,0,0
4123.162591029753,2.0916900064048067e-21,-1.8609661726404943e-23,2.1170401452358687e-21,0.0,0.0,2.0730803446784017e-21,1,1,0,0
4219.398080805024,2.062417246266954e-21,-1.6725683736108978e-23,2.0879968077603223e-21,0.0,0.0,2.045691562530845e-21,1,1,0,0
4317.8797273320215,2.0341988082528502e-21,-1.4900195133842032e-23,2.060018069634882e-21,0.0,0.0,2.0192986131190082e-21,1,1,0,0
4418.659956385942,1.9836201462601832e-21,-1.3095691228613105e-23,2.009385914945055e-21,0.0,0.0,1.97052445503157e-21,1,1,0,0
4521.792417370702,1.9571580315315117e-21,-1.1391670430952289e-23,1.9831742989350702e-21,0.0,0.0,1.9457663611005594e-21,1,1,0,0
4627.332011878689,1.9316998429455066e-21,-9.737056724780108e-24,1.9579779194402188e-21,0.0,0.0,1.9219627862207265e-21,1,1,0,0
4735.334922917116,1.907194909054149e-21,-8.129036525996347e-24,1.9337461108537256e-21,0.0,0.0,1.8990658725281527e-21,1,1,0,0
4845.858644816496,1.8664235816383855e-21,-6.588204703877241e-24,1.893014592237868e-21,0.0,0.0,1.8598353769345083e-21,1,1,0,0
4958.962013837212,1.8434867537775004e-21,-5.0765590323124576e-24,1.8703649756732165e-21,0.0,0.0,1.838410194745188e-21,1,1,0,0
5074.705239490466,1.767391950063139e-21,-3.856559168457346e-24,1.793763134431705e-21,0.0,0.0,1.7635353908946818e-21,1,1,0,0
5193.149936590212,1.7451010279243712e-21,-2.4565029523327575e-24,1.77174837383797e-21,0.0,0.0,1.7426445249720385e-21,1,1,0,0
5314.359158053241,1.723412172800097e-21,-1.0933250689900131e-24,1.7503436110296353e-21,0.0,0.0,1.722318847731107e-21,1,1,0,0
5438.397428464796,1.7022450240627627e-21,2.3456798548083835e-25,1.729467640262318e-21,0.0,0.0,1.7024795920482436e-21,1,1,0,0
5565.330778427646,1.6693257025167165e-21,1.4698651103270884e-24,1.6966460779638196e-21,0.0,0.0,1.6707955676270436e-21,1,1,0,0
5695.226779712825,1.6488104335215185e-21,2.722581466707111e-24,1.6764260355904226e-21,0.0,0.0,1.6515330149882256e-21,1,1,0,0
5828.154581230846,1.6286060056682445e-21,3.943535032125852e-24,1.656521057869555e-21,0.0,0.0,1.6325495407003704e-21,1,1,0,0
5964.1849458424595,1.6086484214669244e-21,5.1336417972076514e-24,1.6368661857363708e-21,0.0,0.0,1.613782063264132e-21,1,1,0,0
6103.390288028621,1.5888764667678071e-21,6.2936507471997034e-24,1.6173991964866232e-21,0.0,0.0,1.5951701175150068e-21,1,1,0,0
6245.844712439618,1.5692318827642591e-21,7.424152266641559e-24,1.5980607789930588e-21,0.0,0.0,1.5766560350309007e-21,1,1,0,0
6391.624053343999,1.5136763041406331e-21,8.204115142855316e-24,1.5421349543484542e-21,0.0,0.0,1.5218804192834884e-21,1,1,0,0
6540.805914998253,1.493851915423e-21,9.250688921871516e-24,1.5225947567644633e-21,0.0,0.0,1.5031026043448716e-21,1,1,0,0
6693.469712958661,1.4740232417712689e-21,1.0268370258080288e-23,1.5030479472671653e-21,0.0,0.0,1.4842916120293492e-21,1,1,0,0
6849.696716357447,1.4541582353353484e-21,1.1257414648989639e-23,1.4834615662231192e-21,0.0,0.0,1.465415649984338e-21,1,1,0,0
7009.570091165618,1.4151694870036222e-21,1.199570934473764e-23,1.444354245898309e-21,0.0,0.0,1.4271651963483598e-21,1,1,0,0
7173.1749444656125,1.3947759253298953e-21,1.2910445050749655e-23,1.424213019722969e-21,0.0,0.0,1.407686370380645e-21,1,1,0,0
7340.598369757212,1.3489483486896928e-21,1.3472609144142074e-23,1.3780842988822442e-21,0.0,0.0,1.3624209578338349e-21,1,1,0,0
7511.9294933209685,1.2986598642131811e-21,1.386631608621259e-23,1.3273658976354571e-21,0.0,0.0,1.3125261802993937e-21,1,1,0,0
7687.259521663728,1.2772664791763922e-21,1.464750815904136e-23,1.3061602172913807e-21,0.0,0.0,1.2919139873354335e-21,1,1,0,0
7866.681790071582,1.2558454605105347e-21,1.5400453549880425e-23,1.2849193695891476e-21,0.0,0.0,1.2712459140604151e-21,1,1,0,0
8050.291812295981,1.2344211229086695e-21,1.6125833352619524e-23,1.2636677746461736e-21,0.0,0.0,1.250546956261289e-21,1,1,0,0
8238.187331399602,1.2130205416071215e-21,1.6824398268125186e-23,1.2424327159745953e-21,0.0,0.0,1.2298449398752467e-21,1,1,0,0
8430.468371788967,1.1916714612898776e-21,1.7496940957990336e-23,1.2212422073025675e-21,0.0,0.0,1.209168402247868e-21,1,1,0,0
8627.23729246145,1.1704002484588752e-21,1.814426098647699e-23,1.2001228982434488e-21,0.0,0.0,1.1885445094453522e-21,1,1,0,0
8828.59884149515,1.1492300766381822e-21,1.8767126662470823e-23,1.1790982116472104e-21,0.0,0.0,1.167997203300653e-21,1,1,0,0
9034.660211810526,1.12817954177452e-21,1.9366237698927175e-23,1.158186915308108e-21,0.0,0.0,1.1475457794734472e-21,1,1,0,0
9245.53109823357,1.1072618901197626e-21,1.994219511550786e-23,1.137402317956049e-21,0.0,0.0,1.1272040852352704e-21,1,1,0,0
9461.32375589077,1.0864849935501785e-21,2.0495484547644153e-23,1.1167522291338802e-21,0.0,0.0,1.1069804780978226e-21,1,1,0,0
9682.153059967086,1.0465431947954317e-21,2.0603185108959606e-23,1.0763803099562165e-21,0.0,0.0,1.0671463799043913e-21,1,1,0,0
9908.136566858666,1.0259125097246026e-21,2.109326336792287e-23,1.055846274711163e-21,0.0,0.0,1.0470057730925254e-21,1,1,0,0
10139.394576752917,1.005435441187875e-21,2.15613119864504e-23,1.0354586612696745e-21,0.0,0.0,1.0269967531743254e-21,1,1,0,0
10376.050197669118,9.851151373321226e-22,2.200764164210772e-23,1.0152204306515654e-21,0.0,0.0,1.0071227789742303e-21,1,1,0,0
10618.229410993825,9.649582689089406e-22,2.2432643357169146e-23,9.951381788451796e-22,0.0,0.0,9.873909122661097e-22,1,1,0,0
10866.061138545958,9.449765602268886e-22,2.2836846496776873e-23,9.752237299712847e-22,0.0,0.0,9.678134067236655e-22,1,1,0,0
11119.677311206979,9.116631393420426e-22,2.285723060430276e-23,9.415274972819566e-22,0.0,0.0,9.345203699463453e-22,1,1,0,0
11379.21293915314,8.919024580387173e-22,2.3204815960878233e-23,9.218038926093488e-22,0.0,0.0,9.151072739995956e-22,1,1,0,0
11644.806183726854,8.723941336011526e-22,2.3534052107184967e-23,9.02326709463046e-22,0.0,0.0,8.959281857083376e-22,1,1,0,0
11916.598430985588,8.531717783348444e-22,2.3846325321856196e-23,8.831306436040581e-22,0.0,0.0,8.770181036567006e-22,1,1,0,0
12194.734366967383,8.342702266831602e-22,2.4143170951114103e-23,8.642517710294403e-22,0.0,0.0,8.584133976342743e-22,1,1,0,0
12479.362054713114,8.157235609686097e-22,2.4426220656859057e-23,8.457255126239732e-22,0.0,0.0,8.401497816254688e-22,1,1,0,0
12770.633013086446,7.975633833995076e-22,2.4697148782957897e-23,8.275848457170679e-22,0.0,0.0,8.222605321824655e-22,1,1,0,0
13068.702297433476,7.798174884622624e-22,2.4957621949551526e-23,8.098589216630395e-22,0.0,0.0,8.047751104118139e-22,1,1,0,0
13373.728582124977,7.625089925312113e-22,2.5209257235009637e-23,7.925721519232348e-22,0.0,0.0,7.877182497662209e-22,1,1,0,0
13685.874245025178,7.456558993599149e-22,2.545359079944733e-23,7.757437405286371e-22,0.0,0.0,7.711094901593622e-22,1,1,0,0
14005.305453932197,7.292710302770789e-22,2.56920549154109e-23,7.593875943259329e-22,0.0,0.0,7.549630851924898e-22,1,1,0,0
14332.19225503574,7.133622254833914e-22,2.5925965110629628e-23,7.43512512443164e-22,0.0,0.0,7.392881905940211e-22,1,1,0,0
14666.708663439686,6.979327212833779e-22,2.615651316103278e-23,7.281225602037505e-22,0.0,0.0,7.240892344444107e-22,1,1,0,0
15009.032755797336,6.153387526213582e-22,2.3635884904596027e-23,6.425800903976109e-22,0.0,0.0,6.389746375259542e-22,1,1,0,0
15359.346765108954,5.999882642782901e-22,2.3750800657441856e-23,6.271729868284483e-22,0.0,0.0,6.23739064935732e-22,1,1,0,0
15717.837177731612,5.851572744604104e-22,2.3863933182159484e-23,6.122918994181473e-22,0.0,0.0,6.090212076425699e-22,1,1,0,0
16084.694832653551,5.708405111544886e-22,2.397628927990106e-23,5.979322056830788e-22,0.0,0.0,5.948168004343896e-22,1,1,0,0
16460.1150230855,5.570307405683918e-22,2.4088802623480475e-23,5.84087254655428e-22,0.0,0.0,5.811195431918723e-22,1,1,0,0
16844.297600423153,5.437190399589903e-22,2.420233575838429e-23,5.707486431181883e-22,0.0,0.0,5.679213757173746e-22,1,1,0,0
17237.4470806362,5.308949860676282e-22,2.4317679367026247e-23,5.579064036124532e-22,0.0,0.0,5.552126654346544e-22,1,1,0,0
17639.772753140453,5.185467690335357e-22,2.4435548775168383e-23,5.455491159086682e-22,0.0,0.0,5.429823178087041e-22,1,1,0,0
18051.4887922111,5.06661246235282e-22,2.455657751558953e-23,5.336639542860081e-22,0.0,0.0,5.312178237508715e-22,1,1,0,0
18472.81437099636,4.952239528653238e-22,2.4681308681602812e-23,5.222366895196671e-22,0.0,0.0,5.199052615469266e-22,1,1,0,0
18903.973778192234,4.842190864880895e-22,2.481018412380063e-23,5.112516626448689e-22,0.0,0.0,5.090292706118901e-22,1,1,0,0
19345.196537440443,4.308279443675987e-22,2.264091983848586e-23,4.554446137440817e-22,0.0,0.0,4.534688642060846e-22,1,1,0,0
19796.717529513327,4.2032454077482178e-22,2.270120915010753e-23,4.449050802054494e-22,0.0,0.0,4.430257499249293e-22,1,1,0,0
20258.77711735017,4.1022054479774405e-22,2.2765333728386362e-23,4.3477366363306385e-22,0.0,0.0,4.329858785261304e-22,1,1,0,0
20731.62127401227,4.0050117224699986e-22,2.283362487834571e-23,4.25035662693913e-22,0.0,0.0,4.2333479712534557e-22,1,1,0,0
21215.501713624482,3.9115085175235414e-22,2.2906325375521798e-23,4.1567550898392967e-22,0.0,0.0,4.1405717712787593e-22,1,1,0,0
21710.676025372628,3.8215324746154447e-22,2.2983582943952795e-23,4.0667678323572003e-22,0.0,0.0,4.0513683040549727e-22,1,1,0,0
22217.407810628825,3.438908413421528e-22,2.120886895513715e-23,3.6647763027113086e-22,0.0,0.0,3.6509971029728994e-22,1,1,0,0
22735.96682327715,3.3512981788475185e-22,2.1220780101637284e-23,3.5765855352664207e-22,0.0,0.0,3.5635059798638914e-22,1,1,0,0
23266.62911331458,3.2668828216913537e-22,2.1235966909672955e-23,3.4916581898803294e-22,0.0,0.0,3.479242490788083e-22,1,1,0,0
23809.677173803582,3.1855450708772685e-22,2.1254654441328515e-23,3.409877420199064e-22,0.0,0.0,3.3980916152905536e-22,1,1,0,0
24365.40009125466,3.107170473102941e-22,2.1277051320048695e-23,3.3311291196958414e-22,0.0,0.0,3.319940986303428e-22,1,1,0,0
24934.093699518806,3.031648068854757e-22,2.1303353949971707e-23,3.255302642078677e-22,0.0,0.0,3.244681608354474e-22,1,1,0,0
25516.060737271866,2.958870989970717e-22,2.1333753084192057e-23,3.1822914563063687e-22,0.0,0.0,3.1722085208126377e-22,1,1,0,0
26111.611009174623,2.888736967994918e-22,2.1368437800379158e-23,3.1119937008737353e-22,0.0,0.0,3.1024213459987095e-22,1,1,0,0
26721.061550794326,2.8211487444173784e-22,2.1407601852537313e-23,3.0443126428477306e-22,0.0,0.0,3.0352247629427515e-22,1,1,0,0
27344.736797375797,2.7560143747544237e-22,2.1451448470447064e-23,2.979157035801384e-22,0.0,0.0,2.9705288594588943e-22,1,1,0,0
27982.96875655116,2.6932474188359734e-22,2.150019453822896e-23,2.91644134953347e-22,0.0,0.0,2.908249364218263e-22,1,1,0,0
28636.09718508116,2.6327670103246815e-22,2.1554075484140788e-23,2.856085874306415e-22,0.0,0.0,2.8483077651660893e-22,1,1,0,0
29304.469769721385,2.574497800123914e-22,2.1613348495843608e-23,2.798016702952549e-22,0.0,0.0,2.79063128508235e-22,1,1,0,0
29988.442312310246,2.5183697715278275e-22,2.16782939061343e-23,2.742165564745275e-22,0.0,0.0,2.7351527105891705e-22,1,1,0,0
30688.37891917639,2.4643179300212444e-22,2.174921874893644e-23,2.6884695168720576e-22,0.0,0.0,2.681810117510609e-22,1,1,0,0
31404.65219496749,2.4122818773864476e-22,2.1826454884170008e-23,2.6368705308830933e-22,0.0,0.0,2.6305464262281476e-22,1,1,0,0
32137.643441002758,2.362205287540907e-22,2.1910359091989585e-23,2.5873149441585324e-22,0.0,0.0,2.581308878460803e-22,1,1,0,0
32887.7428582551,2.3140353092014804e-22,2.2001311106567545e-23,2.5397528406195057e-22,0.0,0.0,2.534048420267156e-22,1,1,0,0
33655.34975507094,2.2677219266986213e-22,2.2099709552298127e-23,2.4941373834777975e-22,0.0,0.0,2.4887190222216025e-22,1,1,0,0
34440.87275973823,2.2232173138120444e-22,2.2205968902961504e-23,2.450424116719625e-22,0.0,0.0,2.4452770028416594e-22,1,1,0,0
35244.73003801588,2.1804752155469803e-22,2.2320514960321544e-23,2.4085703031145956e-22,0.0,0.0,2.4036803651501957e-22,1,1,0,0
36067.349515740316,2.139450389163946e-22,2.2443779504450972e-23,2.3685343221103595e-22,0.0,0.0,2.3638881842084555e-22,1,1,0,0
36909.16910662782,2.1000981290587596e-22,2.257619670232353e-23,2.330275134544068e-22,0.0,0.0,2.325860096081995e-22,1,1,0,0
37770.63694539364,2.0623738913565962e-22,2.271819871747463e-23,2.293751883448302e-22,0.0,0.0,2.2895558785313425e-22,1,1,0,0
38652.211626312615,2.0262330246951613e-22,2.287021128994463e-23,2.258923568472417e-22,0.0,0.0,2.2549351375946076e-22,1,1,0,0
39554.36244734702,1.9916306049346519e-22,2.3032653305591909e-23,2.225748859710666e-22,0.0,0.0,2.221957137990571e-22,1,1,0,0
40477.569659973225,1.9585213644313585e-22,2.3205931893566453e-23,2.194186013411266e-22,0.0,0.0,2.190580683367023e-22,1,1,0,0
41422.324724838894,1.9268597016061366e-22,2.3390442593485252e-23,2.164192852856113e-22,0.0,0.0,2.160764127540989e-22,1,1,0,0
42389.130573387745,1.8965997539242525e-22,2.358656980073951e-23,2.1357268413872316e-22,0.0,0.0,2.1324654519316476e-22,1,1,0,0
43378.50187558984,1.8676955168387082e-22,2.3794684497362217e-23,2.1087452050540314e-22,0.0,0.0,2.1056423618123304e-22,1,1,0,0
44390.96531392167,1.8401009922709426e-22,2.401514613413076e-23,2.0832050801439517e-22,0.0,0.0,2.0802524536122502e-22,1,1,0,0
45427.059863740425,1.8137703522770366e-22,2.4248303705681923e-23,2.0590636848732498e-22,0.0,0.0,2.0562533893338559e-22,1,1,0,0
46487.33708020257,1.7886581061735957e-22,2.4494496541043481e-23,2.0362785015607442e-22,0.0,0.0,2.0336030715840305e-22,1,1,0,0
47572.3613918789,1.7647192621592941e-22,2.4754055604889353e-23,2.0148074515509995e-22,0.0,0.0,2.0122598182081877e-22,1,1,0,0
48682.71040122284,1.741909477079788e-22,2.502730481239581e-23,1.994609051708494e-22,0.0,0.0,1.9921825252037461e-22,1,1,0,0
49818.97519205165,1.72018519026433e-22,2.5314563429137027e-23,1.9756425698021045e-22,0.0,0.0,1.9733308245557004e-22,1,1,0,0
50981.760644204296,1.6995037392356094e-22,2.5616154287607023e-23,1.9578681531831194e-22,0.0,0.0,1.9556652821116796e-22,1,1,0,0
52171.68575554354,1.6798234565387423e-22,2.593238688089854e-23,1.9412469349883756e-22,0.0,0.0,1.9391473253477277e-22,1,1,0,0
53389.3839714735,1.6611037479971635e-22,2.6263569191257184e-23,1.9257411328987798e-22,0.0,0.0,1.9237394399097353e-22,1,1,0,0
54635.503522148756,1.6433051534132188e-22,2.661001190274858e-23,1.911314111358707e-22,0.0,0.0,1.9094052724407046e-22,1,1,0,0
55910.70776755293,1.6263893911844145e-22,2.697202801568619e-23,1.8979304476519441e-22,0.0,0.0,1.8961096713412764e-22,1,1,0,0
57215.6755506324,1.610319388542357e-22,2.734993327176801e-23,1.885555966894947e-22,0.0,0.0,1.883818721260037e-22,1,1,0,0
58551.10155867232,1.595059299201026e-22,2.7744046449986563e-23,1.8741577676729273e-22,0.0,0.0,1.8724997637008916e-22,1,1,0,0
59917.696693106125,1.580574510179893e-22,2.815469152819387e-23,1.863704243315213e-22,0.0,0.0,1.8621214254618318e-22,1,1,0,0
61316.18844795769,1.5668316394701492e-22,2.8582197569034755e-23,1.854165082752329e-22,0.0,0.0,1.8526536151604968e-22,1,1,0,0
62747.32129711575,1.553798526078681e-22,2.9026899973690236e-23,1.845511268017305e-22,0.0,0.0,1.8440675258155834e-22,1,1,0,0
64211.85709064758,1.5414442138272447e-22,2.9489140454149835e-23,1.8377150667544605e-22,0.0,0.0,1.836335618368743e-22,1,1,0,0
65710.5754603627,1.5297389301225038e-22,2.996926841092089e-23,1.8307500114032788e-22,0.0,0.0,1.8294316142317127e-22,1,1,0,0
67244.2742348425,1.5186540607530611e-22,3.046764151062246e-23,1.8245908904373568e-22,0.0,0.0,1.8233304758592857e-22,1,1,0,0
68813.7698641567,1.508162121620524e-22,3.098462571994942e-23,1.8192137111909726e-22,0.0,0.0,1.8180083788200182e-22,1,1,0,0
70419.89785449296,1.498236728175722e-22,3.152059609101018e-23,1.8145956856294989e-22,0.0,0.0,1.8134426890858237e-22,1,1,0,0
72063.5132129306,1.488852563206987e-22,3.207593832294779e-23,1.810715203062752e-22,0.0,0.0,1.809611946436465e-22,1,1,0,0
73745.49090259547,1.479985343522879e-22,3.2651046746356487e-23,1.8075517823442992e-22,0.0,0.0,1.8064958109864438e-22,1,1,0,0
75466.72630843887,1.4716117859742097e-22,3.3246327325794303e-23,1.8050860743272356e-22,0.0,0.0,1.8040750592321528e-22,1,1,0,0
77228.13571388643,1.463709573183904e-22,3.386219698673714e-23,1.8032997953685669e-22,0.0,0.0,1.8023315430512754e-22,1,1,0,0
79030.65678861347,1.4562573192808365e-22,3.449908367071331e-23,1.802175730501412e-22,0.0,0.0,1.8012481559879696e-22,1,1,0,0
80875.2490877044,1.449234535878728e-22,3.515742757436242e-23,1.801697677037762e-22,0.0,0.0,1.8008088116223522e-22,1,1,0,0
82762.89456246335,1.4426215984900123e-22,3.5837680978413854e-23,1.8018504326926153e-22,0.0,0.0,1.8009984082741508e-22,1,1,0,0
84694.59808314576,1.4363997135253828e-22,3.654030958346542e-23,1.8026197549295894e-22,0.0,0.0,1.801802809360037e-22,1,1,0,0
86671.38797389224,1.430550885994589e-22,3.7265791204042597e-23,1.8039923388482296e-22,0.0,0.0,1.803208798035015e-22,1,1,0,0
88694.31656014704,1.4250578879971044e-22,3.8014617737127584e-23,1.8059557871560115e-22,0.0,0.0,1.8052040653683803e-22,1,1,0,0
90764.46072885356,1.4199042280660827e-22,3.878729413872001e-23,1.8084985754734564e-22,0.0,0.0,1.8077771694532828e-22,1,1,0,0
92882.92250172498,1.4150741214130031e-22,3.958434204727278e-23,1.8116100463710322e-22,0.0,0.0,1.810917541885731e-22,1,1,0,0
95050.82962189511,1.4105524611016858e-22,4.040629471051968e-23,1.8152803637866365e-22,0.0,0.0,1.8146154082068826e-22,1,1,0,0
97269.3361542618,1.4063247901700283e-22,4.125370305429948e-23,1.8195005016529885e-22,0.0,0.0,1.818861820713023e-22,1,1,0,0
99539.62309984244,1.4023772747067137e-22,4.212713252069799e-23,1.8242622143267142e-22,0.0,0.0,1.8236485999136936e-22,1,1,0,0
101862.89902446864,1.3986966775363184e-22,0.0,1.8295580136694723e-22,1.6193143475111347e-24,0.0,1.8457511571445835e-22,0,1,1,0
104240.40070215557,1.395270333265584e-22,0.0,1.8353811557769618e-22,1.692056559367402e-24,0.0,1.8523017213706359e-22,0,1,1,0
106673.3937734857,1.3920861251846143e-22,0.0,1.8417256098885412e-22,1.7681753979301994e-24,0.0,1.8594073638678433e-22,0,1,1,0
109163.17341936147,1.38913246139898e-22,0.0,1.8485860674162802e-22,1.8478235757129513e-24,0.0,1.8670643031734097e-22,0,1,1,0
111711.06505048242,1.3863982525268567e-22,0.0,1.8559578668707302e-22,1.9311605700526194e-24,0.0,1.8752694725712565e-22,0,1,1,0
114318.42501291503,1.3838728903221572e-22,0.0,1.8638370432994668e-22,2.0183529115099684e-24,0.0,1.8840205724145664e-22,0,1,1,0
116986.64131013058,1.3815462271175544e-22,0.0,1.872220260799137e-22,2.1095744838478538e-24,0.0,1.8933160056376159e-22,0,1,1,0
119717.13434189657,1.3794085561191393e-22,0.0,1.8811048312312832e-22,2.20500683600611e-24,0.0,1.9031548995913442e-22,0,1,1,0
122511.35766041177,1.3774505924933886e-22,0.0,1.8904886810238265e-22,2.304839506502931e-24,0.0,1.9135370760888558e-22,0,1,1,0
125370.79874409197,1.3756634552369453e-22,0.0,1.9003703500251508e-22,2.409270360704974e-24,0.0,1.9244630536322006e-22,0,1,1,0
128296.97978941475,1.3740386497995858e-22,0.0,1.910748961047548e-22,2.5185059414201804e-24,0.0,1.9359340204617498e-22,0,1,1,0
131291.45852124653,1.3725680514184844e-22,0.0,1.921624228790668e-22,2.6327618332795917e-24,0.0,1.947951847123464e-22,0,1,1,0
134355.82902208262,1.3712438891764808e-22,0.0,1.932996426732852e-22,2.7522630413871086e-24,0.0,1.960519057146723e-22,0,1,1,0
137491.72258064203,1.3700587307106992e-22,0.0,1.9448664129188203e-22,2.8772443847283097e-24,0.0,1.9736388567661034e-22,0,1,1,0
140700.80856026837,1.369005467583829e-22,0.0,1.9572355966652597e-22,3.007950904842393e-24,0.0,1.9873151057136838e-22,0,1,1,0
143984.79528760066,1.368077301284113e-22,0.0,1.9701058814459865e-22,3.144638290274144e-24,0.0,2.001552264348728e-22,0,1,1,0
147345.43096198342,1.3672677298124556e-22,0.0,1.9834797821490637e-22,3.2875733173352264e-24,0.0,2.016355515322416e-22,0,1,1,0
150784.50458610512,1.3665705348604487e-22,0.0,1.99736029951966e-22,3.437034307717864e-24,0.0,2.0317306425968386e-22,0,1,1,0
154303.84691835646,1.3659797695339172e-22,0.0,2.0117509528206465e-22,3.59331160351616e-24,0.0,2.0476840688558081e-22,0,1,1,0
157905.3314474176,1.365489746624316e-22,0.0,2.0266557961728744e-22,3.756708060224102e-24,0.0,2.0642228767751154e-22,0,1,1,0
161590.8753895919,1.3650950273769145e-22,0.0,2.0420793991021806e-22,3.927539558291837e-24,0.0,2.081354794685099e-22,0,1,1,0
165362.4407094179,1.364790410755404e-22,0.0,2.058026825506866e-22,4.106135533835282e-24,0.0,2.0990881808452189e-22,0,1,1,0
169222.03516410355,1.364570923189548e-22,0.0,2.0745036454595434e-22,4.292839529107418e-24,0.0,2.1174320407506176e-22,0,1,1,0
173171.71337233527,1.3644318087513407e-22,0.0,2.09151595067562e-22,4.4880097633519604e-24,0.0,2.1363960483091396e-22,0,1,1,0
177213.57790803583,1.3643685197952637e-22,0.0,2.109070286263966e-22,4.692019724674458e-24,0.0,2.1559904835107107e-22,0,1,1,0
181349.78041964953,1.3643767079920505e-22,0.0,2.1271737486974254e-22,4.905258783577761e-24,0.0,2.176226336533203e-22,0,1,1,0
185582.5227755519,1.364452215758506e-22,0.0,2.145833874276244e-22,5.128132828822391e-24,0.0,2.197115202564468e-22,0,1,1,0
189914.05823619355,1.364591068098789e-22,0.0,2.165058749619227e-22,5.361064926285555e-24,0.0,2.218669398882083e-22,0,1,1,0
194346.6926536018,1.3647894647771227e-22,0.0,2.18485690941318e-22,5.604496001504506e-24,0.0,2.2409018694282254e-22,0,1,1,0
198882.78569888076,1.3650437728579027e-22,0.0,2.205237408982754e-22,5.858885546603881e-24,0.0,2.263826264448793e-22,0,1,1,0
203524.75211835757,1.36535051957734e-22,0.0,2.22620978975686e-22,6.124712352318253e-24,0.0,2.2874569132800427e-22,0,1,1,0
208275.06301905142,1.3657063855354225e-22,0.0,2.247784081468539e-22,6.402475265834597e-24,0.0,2.311808834126885e-22,0,1,1,0
213136.24718414375,1.3661081982071478e-22,0.0,2.269970828183396e-22,6.69269397519128e-24,0.0,2.336897767935309e-22,0,1,1,0
218110.892419152,1.366552925717199e-22,0.0,2.292781050849156e-22,6.995909820982347e-24,0.0,2.3627401490589794e-22,0,1,1,0
223201.64692952347,1.3670376709240002e-22,0.0,2.3162262942607447e-22,7.31268663612873e-24,0.0,2.389353160622032e-22,0,1,1,0
228411.22073038257,1.3675596657629464e-22,0.0,2.3403185915382117e-22,7.643611614489558e-24,0.0,2.4167547076831072e-22,0,1,1,0
233742.38708918125,1.3681162658397082e-22,0.0,2.365070500041977e-22,7.989296209098359e-24,0.0,2.44496346213296e-22,0,1,1,0
239197.98400202373,1.3687049452711364e-22,0.0,2.3904950843915917e-22,8.35037706082162e-24,0.0,2.473998854999808e-22,0,1,1,0
244780.91570444402,1.369323291766297e-22,0.0,2.4166059123947108e-22,8.727516958247666e-24,0.0,2.5038810819771876e-22,0,1,1,0
250494.15421745024,1.3699690019241217e-22,0.0,2.4434170765332343e-22,9.12140582962631e-24,0.0,2.534631134829497e-22,0,1,1,0
256340.7409296515,1.3706398767313167e-22,0.0,2.470943216377275e-22,9.532761767690142e-24,0.0,2.566270834054176e-22,0,1,1,0
262323.78821631236,1.3713338173034222e-22,0.0,2.4991994853701235e-22,9.962332088200751e-24,0.0,2.598822806252131e-22,0,1,1,0
268446.4810961965,1.3720488207670925e-22,0.0,2.5282015775314373e-22,1.0410894423072603e-23,0.0,2.632310521762163e-22,0,1,1,0
274712.0789270809,1.3727829763627678e-22,0.0,2.557965724375199e-22,1.0879257848940181e-23,0.0,2.6667583028646007e-22,0,1,1,0
281123.91714084614,1.3735344617114395e-22,0.0,2.5885087528127043e-22,1.136826405204401e-23,0.0,2.7021913933331445e-22,0,1,1,0
287685.40901905915,1.3743015392467327e-22,0.0,2.61984797657897e-22,1.1878788530321697e-23,0.0,2.738635861882187e-22,0,1,1,0
294400.0475100034,1.3750825528109903e-22,0.0,2.6520013285226307e-22,1.2411741833602635e-23,0.0,2.776118746858657e-22,0,1,1,0
301271.4070881164,1.3758759244012017e-22,0.0,2.6849872865545244e-22,1.2968070842814386e-23,0.0,2.8146679949826684e-22,0,1,1,0
308303.1456568277,1.3766801510587926e-22,0.0,2.718824940199827e-22,1.3548760089120824e-23,0.0,2.8543125410910355e-22,0,1,1,0
315499.00649580883,1.3774938018955268e-22,0.0,2.7535339106438664e-22,1.4154833113922782e-23,0.0,2.8950822417830944e-22,0,1,1,0
322862.8202536727,1.3783155152508208e-22,0.0,2.789134481963911e-22,1.4787353870663886e-23,0.0,2.9370080206705497e-22,0,1,1,0
330398.5069871855,1.379143995983353e-22,0.0,2.82564753345771e-22,1.5447428169395487e-23,0.0,2.980121815151665e-22,0,1,1,0
338110.07824806817,1.3799780128392806e-22,0.0,2.8630945485476608e-22,1.6136205165065145e-23,0.0,3.024456600198312e-22,0,1,1,0
346001.6392185109,1.3808163960207862e-22,0.0,2.9014976129625413e-22,1.6854878890509824e-23,0.0,3.0700464018676396e-22,0,1,1,0
354077.390896527,1.3816580347540082e-22,0.0,2.940879511335493e-22,1.760468983514005e-23,0.0,3.1169264096868936e-22,0,1,1,0
362341.63233231497,1.3825018750153333e-22,0.0,2.981263648312409e-22,1.8386926570322055e-23,0.0,3.16513291401563e-22,0,1,1,0
370798.7629168173,1.3833469173834252e-22,0.0,3.022674063553678e-22,1.920292742247468e-23,0.0,3.2147033377784252e-22,0,1,1,0
379453.2847236942,1.3841922149020297e-22,0.0,3.065135497528604e-22,2.005408219491054e-23,0.0,3.2656763194777094e-22,0,1,1,0
388309.8049059601,1.3850368710955234e-22,0.0,3.108673375550848e-22,2.0941833939470865e-23,0.0,3.3180917149455563e-22,0,1,1,0
397373.03814856044,1.3858800380429813e-22,0.0,3.153313777897986e-22,2.1867680779015333e-23,0.0,3.3719905856881393e-22,0,1,1,0
406647.8091781854,1.386720914526302e-22,0.0,3.1990835954950418e-22,2.2833177781845364e-23,0.0,3.4274153733134955e-22,0,1,1,0
416139.0553316707,1.38755874425396e-22,0.0,3.2460103026588485e-22,2.3839938889159688e-23,0.0,3.4844096915504455e-22,0,1,1,0
425851.8291843415,1.3883928141748016e-22,0.0,3.2941221957514782e-22,2.4889638896657605e-23,0.0,3.5430185847180545e-22,0,1,1,0
435791.30123970297,1.3892224528043981e-22,0.0,3.34344830693688e-22,2.5984015491424724e-23,0.0,3.6032884618511273e-22,0,1,1,0
445962.76268190955,1.390047028704804e-22,0.0,3.394018424003754e-22,2.712487134526298e-23,0.0,3.665267137456384e-22,0,1,1,0
456371.6281924754,1.390865948921677e-22,0.0,3.445863075045322e-22,2.831407626564004e-23,0.0,3.7290038377017223e-22,0,1,1,0
467023.438832733,1.391678657545632e-22,0.0,3.499013644095815e-22,2.955356940546881e-23,0.0,3.794549338150503e-22,0,1,1,0
477923.8649935595,1.3924846343021296e-22,0.0,3.5535022167936978e-22,3.0845361532945113e-23,0.0,3.8619558321231487e-22,0,1,1,0
489078.709413959,1.393283393221799e-22,0.0,3.6093618662833677e-22,3.2191537362706115e-23,0.0,3.9312772399104287e-22,0,1,1,0
500493.91027009534,1.394074481291145e-22,0.0,3.666626307407866e-22,3.359425794959529e-23,0.0,4.0025688869038186e-22,0,1,1,0
512175.54433642415,1.3948574772354459e-22,0.0,3.725330236280262e-22,3.5055763146361023e-23,0.0,4.0758878677438725e-22,0,1,1,0
524129.8302206062,1.395631990275222e-22,0.0,3.785509220607336e-22,3.657837412663963e-23,0.0,4.151292961873732e-22,0,1,1,0
536363.1316739235,1.396397658958045e-22,0.0,3.847199616998627e-22,3.8164495974618966e-23,0.0,4.2288445767448164e-22,0,1,1,0
548881.9609789666,1.397154150021643e-22,0.0,3.910438747923283e-22,3.9816620342813e-23,0.0,4.308604951351413e-22,0,1,1,0
561692.9824163804,1.3979011573107414e-22,0.0,3.9752648771232237e-22,4.1537328179420096e-23,0.0,4.390638158917426e-22,0,1,1,0
574803.0158125351,1.398638400695861e-22,0.0,4.0417171299604255e-22,4.3329292526781197e-23,0.0,4.475010055228238e-22,0,1,1,0
588219.0401699956,1.399365625046202e-22,0.0,4.109835695991812e-22,4.5195281392503604e-23,0.0,4.561788509916848e-22,0,1,1,0
601948.1973827274,1.400082599238436e-22,0.0,4.1796615856441927e-22,4.713816069486191e-23,0.0,4.651043192592812e-22,0,1,1,0
615997.7960380169,1.4007891151841745e-22,0.0,4.25123703663672e-22,4.9160897284143095e-23,0.0,4.742846009478151e-22,0,1,1,0
630375.3153071281,1.401484986889263e-22,0.0,4.324605018082186e-22,5.126656204165566e-23,0.0,4.837270638498742e-22,0,1,1,0
645088.4089267686,1.4021700495603376e-22,0.0,4.399809792487926e-22,5.345833305818585e-23,0.0,4.934393123069784e-22,0,1,1,0
660144.9092734883,1.402844158712643e-22,0.0,4.476896479681043e-22,5.573949889373939e-23,0.0,5.034291468618437e-22,0,1,1,0
675552.8315331639,1.4035071893091525e-22,0.0,4.555911384433705e-22,5.811346192047577e-23,0.0,5.137046003638462e-22,0,1,1,0
691320.3779678128,1.4041590349260896e-22,0.0,4.636901835612996e-22,6.05837417508129e-23,0.0,5.242739253121125e-22,0,1,1,0
707455.9422819879,1.4047996069533512e-22,0.0,4.7199164188473665e-22,6.315397875274717e-23,0.0,5.351456206374838e-22,0,1,1,0
723968.1140910877,1.4054288338113962e-22,0.0,4.805004708513489e-22,6.58279376545113e-23,0.0,5.463284085058602e-22,0,1,1,0
740865.6834939568,1.4060466601495783e-22,0.0,4.892217536677542e-22,6.860951124076554e-23,0.0,5.578312649085198e-22,0,1,1,0
758157.6457522103,1.4066530461727538e-22,0.0,4.981606929466217e-22,7.150272414261783e-23,0.0,5.696634170892396e-22,0,1,1,0
775853.2060787828,1.4072479668636295e-22,0.0,5.073226015287185e-22,7.451173672382307e-23,0.0,5.818343382525416e-22,0,1,1,0
793961.7845382276,1.4078314113018997e-22,0.0,5.167129305740873e-22,7.764084906562947e-23,0.0,5.943537796397168e-22,0,1,1,0
812493.0210614047,1.408403381945893e-22,0.0,5.263372542700337e-22,8.08945050528162e-23,0.0,6.072317593228499e-22,0,1,1,0
831456.7805772064,1.408963894042268e-22,0.0,5.362012638176701e-22,8.427729656357713e-23,0.0,6.204785603812472e-22,0,1,1,0
850863.1582640582,1.4095129749064286e-22,0.0,5.463108021759466e-22,8.779396776597426e-23,0.0,6.341047699419209e-22,0,1,1,0
870722.4849239922,1.4100506633335635e-22,0.0,5.566718268006357e-22,9.144941952382971e-23,0.0,6.481212463244654e-22,0,1,1,0
891045.3324821504,1.4105770089681385e-22,0.0,5.672904458393534e-22,9.524871391499347e-23,0.0,6.625391597543469e-22,0,1,1,0
911842.5196146562,1.4110920717329003e-22,0.0,5.781729159423781e-22,9.91970788650628e-23,0.0,6.773699948074409e-22,0,1,1,0
933125.117507824,1.411595921219362e-22,0.0,5.8932560862873235e-22,1.032999128997117e-22,0.0,6.92625521528444e-22,0,1,1,0
954904.4557518078,1.41208863616355e-22,0.0,6.007550686982486e-22,1.075627900189416e-22,0.0,7.083178587171902e-22,0,1,1,0
977192.1283717996,1.4125703038900901e-22,0.0,6.124679708567757e-22,1.1199146469664994e-22,0.0,7.244594355534256e-22,0,1,1,0
1000000.0,1.4130410197115103e-22,0.0,6.244711667591369e-22,1.1659187700904322e-22,0.0,7.410630437681801e-22,0,1,1,0
