catalogue_path,original_path,original_bytes,original_sha256,catalogue_sha256
inelastic_dielectric/pwba/H1/amorphous/polarization_off/sigmadiff_excitation_proton_amorphous_ice_q1_frozen_hf_emfietzoglou_kyriakou.dat.gz,/gpfs01/work/yoffegid/dnaphysics-ice-ions/physics/inelastic_dielectric/output/tables/proton_20260907_yeqgpyaf/sigmadiff_excitation_proton_amorphous_ice_q1_frozen_hf_emfietzoglou_kyriakou.dat,164005119,de5b18d61333ce2b0bf0138d0f33ad3b120be8bc355fb8063716d9016f5a4076,9eb036245f24691b5a691a1e6ac13bb0ebb09a6a6ed6cff3a9bc8c8bf4e9424c
inelastic_dielectric/pwba/H1/amorphous/polarization_off/sigma_ionisation_proton_amorphous_ice_q1_frozen_hf_emfietzoglou_kyriakou.dat.gz,/gpfs01/work/yoffegid/dnaphysics-ice-ions/physics/inelastic_dielectric/output/tables/proton_20260907_yeqgpyaf/sigma_ionisation_proton_amorphous_ice_q1_frozen_hf_emfietzoglou_kyriakou.dat,140057,385f8f5d5d2ee9e5914cf481a1e476edaf84056ba13a1b97b45519e84107dc78,4c255dc1dab1d480683a4765cfd25714445ea2b2aabf082d1bd1db521ebcc397
inelastic_dielectric/pwba/H1/amorphous/polarization_off/sigmadiff_ionisation_proton_amorphous_ice_q1_frozen_hf_emfietzoglou_kyriakou.dat.gz,/gpfs01/work/yoffegid/dnaphysics-ice-ions/physics/inelastic_dielectric/output/tables/proton_20260907_yeqgpyaf/sigmadiff_ionisation_proton_amorphous_ice_q1_frozen_hf_emfietzoglou_kyriakou.dat,163905048,aa10056d80e85ace8a11fc9deb3493184866a531d5762d2c984dd8488b173d7d,991f9041a95a1e2e466158036f839584324a93971b302ebd03f882f005325a38
inelastic_dielectric/pwba/H1/amorphous/polarization_off/sigma_excitation_proton_amorphous_ice_q1_frozen_hf_emfietzoglou_kyriakou.dat.gz,/gpfs01/work/yoffegid/dnaphysics-ice-ions/physics/inelastic_dielectric/output/tables/proton_20260907_yeqgpyaf/sigma_excitation_proton_amorphous_ice_q1_frozen_hf_emfietzoglou_kyriakou.dat,140057,7f632ce17f82ecad1fec407e4cd9a6fe515a8ec36ad633c3d861879ba11c0852,bd18bfc7be036ea9a4d1a2110a82d2bcfbfb89edea97930cf86c967d56206681
inelastic_dielectric/rpwba/H1/amorphous/polarization_off/sigmadiff_ionisation_proton_amorphous_ice_rpwba_dm2022_q1_frozen_hf_emfietzoglou_kyriakou.dat.gz,/gpfs01/work/yoffegid/dnaphysics-ice-ions/physics/inelastic_dielectric/output/tables/proton_20260907_yeqgpyaf/sigmadiff_ionisation_proton_amorphous_ice_rpwba_dm2022_q1_frozen_hf_emfietzoglou_kyriakou.dat,163905089,b843144ec68b9048672eb75e4122634878591347725d71c525a7891955089433,3584df07ddea14bb4e8ce2e82c05a9972eaa2b6122778fa41500aeabf565e32a
inelastic_dielectric/rpwba/H1/amorphous/polarization_off/sigma_ionisation_proton_amorphous_ice_rpwba_dm2022_q1_frozen_hf_emfietzoglou_kyriakou.dat.gz,/gpfs01/work/yoffegid/dnaphysics-ice-ions/physics/inelastic_dielectric/output/tables/proton_20260907_yeqgpyaf/sigma_ionisation_proton_amorphous_ice_rpwba_dm2022_q1_frozen_hf_emfietzoglou_kyriakou.dat,140098,7299e803f31ce33bf34c90884bd3929fb7229b8d6828fffc8541cdd589dd5ad8,22841e6745c64cfd4f85949d9fa17f5c025441b3479c272306e69e2c05ce3231
inelastic_dielectric/rpwba/H1/amorphous/polarization_off/sigmadiff_excitation_proton_amorphous_ice_rpwba_dm2022_q1_frozen_hf_emfietzoglou_kyriakou.dat.gz,/gpfs01/work/yoffegid/dnaphysics-ice-ions/physics/inelastic_dielectric/output/tables/proton_20260907_yeqgpyaf/sigmadiff_excitation_proton_amorphous_ice_rpwba_dm2022_q1_frozen_hf_emfietzoglou_kyriakou.dat,164006421,f69c642f8d18c96811ed0fe99136306d46cec2784b97dfc3a2ab1721005fc634,15100a356b364576cd532d0139e8188dcacc208dd649ea00ebc4e2d9cd70fc0b
inelastic_dielectric/rpwba/H1/amorphous/polarization_off/sigma_excitation_proton_amorphous_ice_rpwba_dm2022_q1_frozen_hf_emfietzoglou_kyriakou.dat.gz,/gpfs01/work/yoffegid/dnaphysics-ice-ions/physics/inelastic_dielectric/output/tables/proton_20260907_yeqgpyaf/sigma_excitation_proton_amorphous_ice_rpwba_dm2022_q1_frozen_hf_emfietzoglou_kyriakou.dat,140098,eeda4aafaa057ba26b137900aee216dfb7ec86b6301ddf11763750f4d6ea65dc,20174974f9138eb8ecd2cf05422cb18f44a2505277cde2aaffca1ce7a0ac722b
inelastic_dielectric/pwba/H1/hexagonal/polarization_off/sigma_ionisation_proton_hexagonal_ice_q1_frozen_hf_emfietzoglou_kyriakou.dat.gz,/gpfs01/work/yoffegid/dnaphysics-ice-ions/physics/inelastic_dielectric/output/tables/proton_20260907_yeqgpyaf/sigma_ionisation_proton_hexagonal_ice_q1_frozen_hf_emfietzoglou_kyriakou.dat,140046,a4e20e19ab14b97317526af197aaf24f34aa0568868c804ab30f8af27991f351,c37d066afd186b70c33b57db6b3d5f30fcd4663b5516af7d76af728aea0048c2
inelastic_dielectric/pwba/H1/hexagonal/polarization_off/sigmadiff_excitation_proton_hexagonal_ice_q1_frozen_hf_emfietzoglou_kyriakou.dat.gz,/gpfs01/work/yoffegid/dnaphysics-ice-ions/physics/inelastic_dielectric/output/tables/proton_20260907_yeqgpyaf/sigmadiff_excitation_proton_hexagonal_ice_q1_frozen_hf_emfietzoglou_kyriakou.dat,164004920,3617660aad7facb851634fa388332354f2e91aa6dfb511e62a278bba2051e457,8a8886c32ec28e1f2f8e1823d0564bf52be743057a54351542936b37b192c36f
inelastic_dielectric/pwba/H1/hexagonal/polarization_off/sigma_excitation_proton_hexagonal_ice_q1_frozen_hf_emfietzoglou_kyriakou.dat.gz,/gpfs01/work/yoffegid/dnaphysics-ice-ions/physics/inelastic_dielectric/output/tables/proton_20260907_yeqgpyaf/sigma_excitation_proton_hexagonal_ice_q1_frozen_hf_emfietzoglou_kyriakou.dat,140046,fe426d994fc7d7e588eb66ccca89150ddb0ffcb8a2865b92b2ae822b006a3c4c,c86408344d8c6cdb2b5c7c7ea3b0e7007b815ba5dfcc01c7759910c31d8fcc26
inelastic_dielectric/pwba/H1/hexagonal/polarization_off/sigmadiff_ionisation_proton_hexagonal_ice_q1_frozen_hf_emfietzoglou_kyriakou.dat.gz,/gpfs01/work/yoffegid/dnaphysics-ice-ions/physics/inelastic_dielectric/output/tables/proton_20260907_yeqgpyaf/sigmadiff_ionisation_proton_hexagonal_ice_q1_frozen_hf_emfietzoglou_kyriakou.dat,163905037,76d28809055ec8bbaddbe5e091b2e0739ee5fee32d1ea029fe423516b38f577a,f0f7ecc2192e97050c31b87e23a4e831fbc417a0105f96b99ee2a3f034794084
inelastic_dielectric/rpwba/H1/hexagonal/polarization_off/sigma_ionisation_proton_hexagonal_ice_rpwba_dm2022_q1_frozen_hf_emfietzoglou_kyriakou.dat.gz,/gpfs01/work/yoffegid/dnaphysics-ice-ions/physics/inelastic_dielectric/output/tables/proton_20260907_yeqgpyaf/sigma_ionisation_proton_hexagonal_ice_rpwba_dm2022_q1_frozen_hf_emfietzoglou_kyriakou.dat,140087,f1cb29c9a1928d2037929005e266cf6fdd9f12be9826f6785a2922987c9921dc,cf693e2d61aba37d1876c70494ba284eed20822c72ac48cf9399a9c512764b47
inelastic_dielectric/rpwba/H1/hexagonal/polarization_off/sigmadiff_excitation_proton_hexagonal_ice_rpwba_dm2022_q1_frozen_hf_emfietzoglou_kyriakou.dat.gz,/gpfs01/work/yoffegid/dnaphysics-ice-ions/physics/inelastic_dielectric/output/tables/proton_20260907_yeqgpyaf/sigmadiff_excitation_proton_hexagonal_ice_rpwba_dm2022_q1_frozen_hf_emfietzoglou_kyriakou.dat,164006199,933bc61f3ba12150e960135af85c82b8e5114744dfc52d626ccac8f160599e7e,f7bb53bd7c9d075a4fc3a0763de77df97892c2ee191d6bda66e4e9f00bd608d9
inelastic_dielectric/rpwba/H1/hexagonal/polarization_off/sigma_excitation_proton_hexagonal_ice_rpwba_dm2022_q1_frozen_hf_emfietzoglou_kyriakou.dat.gz,/gpfs01/work/yoffegid/dnaphysics-ice-ions/physics/inelastic_dielectric/output/tables/proton_20260907_yeqgpyaf/sigma_excitation_proton_hexagonal_ice_rpwba_dm2022_q1_frozen_hf_emfietzoglou_kyriakou.dat,140087,da7c6097ed2f4b89fe95a75efc056705ba6214a87c7086cc97ad1343a86d044e,a67fb51816b90ff205e18d22e227ab7af34d407ed8db9768ebb7690b12fa13dd
inelastic_dielectric/rpwba/H1/hexagonal/polarization_off/sigmadiff_ionisation_proton_hexagonal_ice_rpwba_dm2022_q1_frozen_hf_emfietzoglou_kyriakou.dat.gz,/gpfs01/work/yoffegid/dnaphysics-ice-ions/physics/inelastic_dielectric/output/tables/proton_20260907_yeqgpyaf/sigmadiff_ionisation_proton_hexagonal_ice_rpwba_dm2022_q1_frozen_hf_emfietzoglou_kyriakou.dat,163905078,da30df7e57a6636c7e0bfed114446973e530283c67a7c48404db8a728f6f7124,40a264f74cb2e0ddcd2143ad862739c60bf74fa9e1412e6b1d9f8a6a1c306f21
inelastic_dielectric/pwba/H0/amorphous/polarization_off/sigma_excitation_proton_amorphous_ice_q0_frozen_hf_emfietzoglou_kyriakou.dat.gz,/gpfs01/work/yoffegid/dnaphysics-ice-ions/physics/inelastic_dielectric/output/tables/proton_q0_20260908_rdbe8gbb/sigma_excitation_proton_amorphous_ice_q0_frozen_hf_emfietzoglou_kyriakou.dat,140073,4f1793ce73f1331735ace4c14f3d5595cdf276fc2bb13873e049c58d493c1e67,c71ffac84d50ca3f3da0a2633fa1799c095a67b4b738c3f94405995795c995ff
inelastic_dielectric/pwba/H0/amorphous/polarization_off/sigmadiff_excitation_proton_amorphous_ice_q0_frozen_hf_emfietzoglou_kyriakou.dat.gz,/gpfs01/work/yoffegid/dnaphysics-ice-ions/physics/inelastic_dielectric/output/tables/proton_q0_20260908_rdbe8gbb/sigmadiff_excitation_proton_amorphous_ice_q0_frozen_hf_emfietzoglou_kyriakou.dat,164005125,31b63e086dc9252a36f96cf1df878bbe3d5bb1939a754e2791f8388ed78b734f,f4cafea144261e09fdf81d64764944f83d62cc7e985b7fe8d01b29ef620eed2f
inelastic_dielectric/pwba/H0/amorphous/polarization_off/sigmadiff_ionisation_proton_amorphous_ice_q0_frozen_hf_emfietzoglou_kyriakou.dat.gz,/gpfs01/work/yoffegid/dnaphysics-ice-ions/physics/inelastic_dielectric/output/tables/proton_q0_20260908_rdbe8gbb/sigmadiff_ionisation_proton_amorphous_ice_q0_frozen_hf_emfietzoglou_kyriakou.dat,163905064,06596ef1de6727ffec13ce40af8eb0918de1319fb42ac7e2a30be9cf77eba942,285eb895161e3ec9255df0134fe0d56d72d127e02dbcac9bdf3266b162615efc
inelastic_dielectric/pwba/H0/amorphous/polarization_off/sigma_ionisation_proton_amorphous_ice_q0_frozen_hf_emfietzoglou_kyriakou.dat.gz,/gpfs01/work/yoffegid/dnaphysics-ice-ions/physics/inelastic_dielectric/output/tables/proton_q0_20260908_rdbe8gbb/sigma_ionisation_proton_amorphous_ice_q0_frozen_hf_emfietzoglou_kyriakou.dat,140073,d27f35e4cd101b8d4625dfb9d8c1a79ca3547baddbfb68c189903e4814b67941,3f2c74464237d6ae39fd783963f84b849adae5d989e10f8b92f4063dae023604
inelastic_dielectric/rpwba/H0/amorphous/polarization_off/sigma_ionisation_proton_amorphous_ice_rpwba_dm2022_q0_frozen_hf_emfietzoglou_kyriakou.dat.gz,/gpfs01/work/yoffegid/dnaphysics-ice-ions/physics/inelastic_dielectric/output/tables/proton_q0_20260908_rdbe8gbb/sigma_ionisation_proton_amorphous_ice_rpwba_dm2022_q0_frozen_hf_emfietzoglou_kyriakou.dat,140114,695747ded6a95d1f5f5aed922eab635b58b1f4dd4d310f38e64f855c1105021f,48db1d424d65d41f618c7fa0745ef5e457ae45c23e712b6fd3c8f6abfda961ab
inelastic_dielectric/rpwba/H0/amorphous/polarization_off/sigma_excitation_proton_amorphous_ice_rpwba_dm2022_q0_frozen_hf_emfietzoglou_kyriakou.dat.gz,/gpfs01/work/yoffegid/dnaphysics-ice-ions/physics/inelastic_dielectric/output/tables/proton_q0_20260908_rdbe8gbb/sigma_excitation_proton_amorphous_ice_rpwba_dm2022_q0_frozen_hf_emfietzoglou_kyriakou.dat,140114,94a450ad595a70ee0f50f634e9cacf7bb713890a803c1c7451011302f4168abd,95de8f1e7613259bffb0ca69bd70e6675af2b9c6c51b8528b88467873fab8285
inelastic_dielectric/rpwba/H0/amorphous/polarization_off/sigmadiff_ionisation_proton_amorphous_ice_rpwba_dm2022_q0_frozen_hf_emfietzoglou_kyriakou.dat.gz,/gpfs01/work/yoffegid/dnaphysics-ice-ions/physics/inelastic_dielectric/output/tables/proton_q0_20260908_rdbe8gbb/sigmadiff_ionisation_proton_amorphous_ice_rpwba_dm2022_q0_frozen_hf_emfietzoglou_kyriakou.dat,163905105,3a99a29cb8ee1dd7ac97e05d8da0c254a04336334ee21240737daafb3688205f,fb60df4a0936a6b18ec648353c3e8b99d84b5d4ff38aeed103d6ba14cb679cbf
inelastic_dielectric/rpwba/H0/amorphous/polarization_off/sigmadiff_excitation_proton_amorphous_ice_rpwba_dm2022_q0_frozen_hf_emfietzoglou_kyriakou.dat.gz,/gpfs01/work/yoffegid/dnaphysics-ice-ions/physics/inelastic_dielectric/output/tables/proton_q0_20260908_rdbe8gbb/sigmadiff_excitation_proton_amorphous_ice_rpwba_dm2022_q0_frozen_hf_emfietzoglou_kyriakou.dat,164006409,48d9269cd7118f48b5b89d9655c8213200f42cecf99ef652a5bd2847964cd481,e00c05840edc35282163b7291b203e92a0cb27abc0762a244d125365b234218d
inelastic_dielectric/pwba/H0/hexagonal/polarization_off/sigma_excitation_proton_hexagonal_ice_q0_frozen_hf_emfietzoglou_kyriakou.dat.gz,/gpfs01/work/yoffegid/dnaphysics-ice-ions/physics/inelastic_dielectric/output/tables/proton_q0_20260908_rdbe8gbb/sigma_excitation_proton_hexagonal_ice_q0_frozen_hf_emfietzoglou_kyriakou.dat,140062,8654e1b479826a3d88778867900bcca0dcc2af20ae51cad406a52e0f356a0318,c024b042e8ba2f145eea2718a96b2d4a2a4604db2f81c5f1eaad7cc5a707202e
inelastic_dielectric/pwba/H0/hexagonal/polarization_off/sigmadiff_ionisation_proton_hexagonal_ice_q0_frozen_hf_emfietzoglou_kyriakou.dat.gz,/gpfs01/work/yoffegid/dnaphysics-ice-ions/physics/inelastic_dielectric/output/tables/proton_q0_20260908_rdbe8gbb/sigmadiff_ionisation_proton_hexagonal_ice_q0_frozen_hf_emfietzoglou_kyriakou.dat,163905053,e003e735385ab5a41bb5b557a9c3f9232768fd8d6fd8d5cc1cb95c442672bd1c,6c02ce76cd38a3679f49948183a95849606b42ea393553d42052bbed809605a3
inelastic_dielectric/pwba/H0/hexagonal/polarization_off/sigma_ionisation_proton_hexagonal_ice_q0_frozen_hf_emfietzoglou_kyriakou.dat.gz,/gpfs01/work/yoffegid/dnaphysics-ice-ions/physics/inelastic_dielectric/output/tables/proton_q0_20260908_rdbe8gbb/sigma_ionisation_proton_hexagonal_ice_q0_frozen_hf_emfietzoglou_kyriakou.dat,140062,41a72829408e1eeb05e9cd5b8dcde5cddd590630b44c4fe8b9fdb9c1360cda53,e336d9dae5595f169a56042b2443debc2c34ee84e5dde6f7c749c87afdb0d7e5
inelastic_dielectric/pwba/H0/hexagonal/polarization_off/sigmadiff_excitation_proton_hexagonal_ice_q0_frozen_hf_emfietzoglou_kyriakou.dat.gz,/gpfs01/work/yoffegid/dnaphysics-ice-ions/physics/inelastic_dielectric/output/tables/proton_q0_20260908_rdbe8gbb/sigmadiff_excitation_proton_hexagonal_ice_q0_frozen_hf_emfietzoglou_kyriakou.dat,164004918,0a20295fbc15c8e25007bdb32ddecabc36322b1f44580be057a477a6f8ed450f,de46d65914c04de3e72f8d6cb59a6cb7299f454b86a99db998f71aa7222bae5f
inelastic_dielectric/rpwba/H0/hexagonal/polarization_off/sigmadiff_excitation_proton_hexagonal_ice_rpwba_dm2022_q0_frozen_hf_emfietzoglou_kyriakou.dat.gz,/gpfs01/work/yoffegid/dnaphysics-ice-ions/physics/inelastic_dielectric/output/tables/proton_q0_20260908_rdbe8gbb/sigmadiff_excitation_proton_hexagonal_ice_rpwba_dm2022_q0_frozen_hf_emfietzoglou_kyriakou.dat,164006193,ec57892802402bc3500949d44c52c44e2a84c91573ed475bca5d5f08cfa4c5fc,699dfa86dff4e9db863ddc83d1e847ea73913abb5259891d2171880a235f2961
inelastic_dielectric/rpwba/H0/hexagonal/polarization_off/sigma_ionisation_proton_hexagonal_ice_rpwba_dm2022_q0_frozen_hf_emfietzoglou_kyriakou.dat.gz,/gpfs01/work/yoffegid/dnaphysics-ice-ions/physics/inelastic_dielectric/output/tables/proton_q0_20260908_rdbe8gbb/sigma_ionisation_proton_hexagonal_ice_rpwba_dm2022_q0_frozen_hf_emfietzoglou_kyriakou.dat,140103,85dd965930baed8a6341a96db1322858042568c6c836bdfd6b451236292980e8,f80d3d7580348cea90e90b9b488fed17b0b36880976d691f5e527ed0313b3131
inelastic_dielectric/rpwba/H0/hexagonal/polarization_off/sigmadiff_ionisation_proton_hexagonal_ice_rpwba_dm2022_q0_frozen_hf_emfietzoglou_kyriakou.dat.gz,/gpfs01/work/yoffegid/dnaphysics-ice-ions/physics/inelastic_dielectric/output/tables/proton_q0_20260908_rdbe8gbb/sigmadiff_ionisation_proton_hexagonal_ice_rpwba_dm2022_q0_frozen_hf_emfietzoglou_kyriakou.dat,163905094,58f31574b0d25bb86d27881d3689369a18470cc72b4211314e8fccc276f3e1f8,e6f60d499727456bdf9d4678a709637b34882527d2c7ad756b6eadd8c7ffd691
inelastic_dielectric/rpwba/H0/hexagonal/polarization_off/sigma_excitation_proton_hexagonal_ice_rpwba_dm2022_q0_frozen_hf_emfietzoglou_kyriakou.dat.gz,/gpfs01/work/yoffegid/dnaphysics-ice-ions/physics/inelastic_dielectric/output/tables/proton_q0_20260908_rdbe8gbb/sigma_excitation_proton_hexagonal_ice_rpwba_dm2022_q0_frozen_hf_emfietzoglou_kyriakou.dat,140103,fd7c2ba210f35dffc038c1d3d3d977330a2b93cb9f8714873ac80a15326075b9,303ad6d7a6d433700b6fdc89889b46d2d742eb5f4852226820ab182ccf4fbd45
inelastic_dielectric/pwba/H0/amorphous/polarization_on/sigma_ionisation_proton_amorphous_ice_q0_frozen_hf_barkas_dcs_emfietzoglou_kyriakou.dat.gz,/gpfs01/work/yoffegid/dnaphysics-ice-ions/physics/inelastic_dielectric/output/tables/proton_q0_20260914_gy7ofudd/diagnostic_proton_amorphous_ice_q0_frozen_hf_barkas_dcs/sigma_ionisation_proton_amorphous_ice_q0_frozen_hf_barkas_dcs_emfietzoglou_kyriakou.dat,141560,625a9da7ce3edf96bf003cf625d608d832e4547ea3088e7baeb961a98fd7a99e,befa7f8bc1a530a658886665c58bf2ac0c59273e79afe14b6be4c94804d1169c
inelastic_dielectric/pwba/H0/amorphous/polarization_on/sigmadiff_excitation_proton_amorphous_ice_q0_frozen_hf_barkas_dcs_emfietzoglou_kyriakou.dat.gz,/gpfs01/work/yoffegid/dnaphysics-ice-ions/physics/inelastic_dielectric/output/tables/proton_q0_20260914_gy7ofudd/diagnostic_proton_amorphous_ice_q0_frozen_hf_barkas_dcs/sigmadiff_excitation_proton_amorphous_ice_q0_frozen_hf_barkas_dcs_emfietzoglou_kyriakou.dat,164006612,09282f180cb6bb77546c22ac4551fa3c8663323278d695f2c86e2f0d0ffeb5dc,b2033abd7120858b8c38134f25c4f920baa86cbb07c8dccb11e5de0f0c9db091
inelastic_dielectric/pwba/H0/amorphous/polarization_on/sigmadiff_ionisation_proton_amorphous_ice_q0_frozen_hf_barkas_dcs_emfietzoglou_kyriakou.dat.gz,/gpfs01/work/yoffegid/dnaphysics-ice-ions/physics/inelastic_dielectric/output/tables/proton_q0_20260914_gy7ofudd/diagnostic_proton_amorphous_ice_q0_frozen_hf_barkas_dcs/sigmadiff_ionisation_proton_amorphous_ice_q0_frozen_hf_barkas_dcs_emfietzoglou_kyriakou.dat,163906551,fb31ec0ae6f46f47f5b10a98ea33dea4773e969680fb2e70b4b2c75e10ed7b2a,e88e1f265eae82015504f5ae88a2569ed93751b9de3bb1e0943e76dcd7ad789a
inelastic_dielectric/pwba/H0/amorphous/polarization_on/sigma_excitation_proton_amorphous_ice_q0_frozen_hf_barkas_dcs_emfietzoglou_kyriakou.dat.gz,/gpfs01/work/yoffegid/dnaphysics-ice-ions/physics/inelastic_dielectric/output/tables/proton_q0_20260914_gy7ofudd/diagnostic_proton_amorphous_ice_q0_frozen_hf_barkas_dcs/sigma_excitation_proton_amorphous_ice_q0_frozen_hf_barkas_dcs_emfietzoglou_kyriakou.dat,141560,ce2aabb936e32a2a3d8fd96ae51a7e22b3f6fb3d8a785fb0b70b4c560b554666,00c6e70b1bbe1ed6b0b8fd0371f0627c46856b0a56b9384b510dfb6a5fa97796
inelastic_dielectric/pwba/H0/amorphous/polarization_on/completion.json,/gpfs01/work/yoffegid/dnaphysics-ice-ions/physics/inelastic_dielectric/output/caches/proton_q0_20260914_gy7ofudd/proton_q0_amorphous_pwba_barkas_diagnostic/completion.json,1570,79aef81f423cb76c2c76edcb0e3075ba9d236171cf5744434ad9da3f2c5239ab,79aef81f423cb76c2c76edcb0e3075ba9d236171cf5744434ad9da3f2c5239ab
inelastic_dielectric/pwba/H0/amorphous/polarization_on/DIAGNOSTIC_ONLY.json,/gpfs01/work/yoffegid/dnaphysics-ice-ions/physics/inelastic_dielectric/output/tables/proton_q0_20260914_gy7ofudd/diagnostic_proton_amorphous_ice_q0_frozen_hf_barkas_dcs/DIAGNOSTIC_ONLY.json,3749,460c633c546d1f288b5c6451ea0fe26e73b4e0c58082c6f291850b5210ec2438,460c633c546d1f288b5c6451ea0fe26e73b4e0c58082c6f291850b5210ec2438
inelastic_dielectric/pwba/H0/amorphous/polarization_on/DIAGNOSTIC_ONLY.csv.gz,/gpfs01/work/yoffegid/dnaphysics-ice-ions/physics/inelastic_dielectric/output/tables/proton_q0_20260914_gy7ofudd/diagnostic_proton_amorphous_ice_q0_frozen_hf_barkas_dcs/DIAGNOSTIC_ONLY.csv,154857280,4fc8dd11f0f7e229a7754bd8f468a8ccf52dc6c4d99f8ce621bc9efeead7e76f,925fc5bfc0711a79eb477c36d0c47eb212d1cb16b56ccd9ed0cfb86e4fbc472f
inelastic_dielectric/rpwba/H0/amorphous/polarization_on/sigmadiff_excitation_proton_amorphous_ice_rpwba_dm2022_q0_frozen_hf_barkas_dcs_emfietzoglou_kyriakou.dat.gz,/gpfs01/work/yoffegid/dnaphysics-ice-ions/physics/inelastic_dielectric/output/tables/proton_q0_20260914_gy7ofudd/diagnostic_proton_amorphous_ice_rpwba_dm2022_q0_frozen_hf_barkas_dcs/sigmadiff_excitation_proton_amorphous_ice_rpwba_dm2022_q0_frozen_hf_barkas_dcs_emfietzoglou_kyriakou.dat,164007896,62f45ad403fe37b0743fc40b936c4526b940f35ab8179698da1048969050fb86,5b6a3638e15a1bdc14d20ad2a37dcfeca9398fde665979edd149a8bb1fdb4489
inelastic_dielectric/rpwba/H0/amorphous/polarization_on/sigma_excitation_proton_amorphous_ice_rpwba_dm2022_q0_frozen_hf_barkas_dcs_emfietzoglou_kyriakou.dat.gz,/gpfs01/work/yoffegid/dnaphysics-ice-ions/physics/inelastic_dielectric/output/tables/proton_q0_20260914_gy7ofudd/diagnostic_proton_amorphous_ice_rpwba_dm2022_q0_frozen_hf_barkas_dcs/sigma_excitation_proton_amorphous_ice_rpwba_dm2022_q0_frozen_hf_barkas_dcs_emfietzoglou_kyriakou.dat,141601,5effc56e8de04ee9b6daf2a1d7b9774cd7f659c58595fb7fcfffbaeb4392d330,2c57d43a09d14c0285afa32e745649ce32cf8ac8b9a0db681c5f1468ddb6068c
inelastic_dielectric/rpwba/H0/amorphous/polarization_on/sigmadiff_ionisation_proton_amorphous_ice_rpwba_dm2022_q0_frozen_hf_barkas_dcs_emfietzoglou_kyriakou.dat.gz,/gpfs01/work/yoffegid/dnaphysics-ice-ions/physics/inelastic_dielectric/output/tables/proton_q0_20260914_gy7ofudd/diagnostic_proton_amorphous_ice_rpwba_dm2022_q0_frozen_hf_barkas_dcs/sigmadiff_ionisation_proton_amorphous_ice_rpwba_dm2022_q0_frozen_hf_barkas_dcs_emfietzoglou_kyriakou.dat,163906592,0cd0b7098703b5dfdcee4edb97054a2885df56903c4492b437976c9027a03e95,652f741572a9f32ed8c82c5efc8f7916ba9f1342392d0e60887c8e37f2a0e007
inelastic_dielectric/rpwba/H0/amorphous/polarization_on/sigma_ionisation_proton_amorphous_ice_rpwba_dm2022_q0_frozen_hf_barkas_dcs_emfietzoglou_kyriakou.dat.gz,/gpfs01/work/yoffegid/dnaphysics-ice-ions/physics/inelastic_dielectric/output/tables/proton_q0_20260914_gy7ofudd/diagnostic_proton_amorphous_ice_rpwba_dm2022_q0_frozen_hf_barkas_dcs/sigma_ionisation_proton_amorphous_ice_rpwba_dm2022_q0_frozen_hf_barkas_dcs_emfietzoglou_kyriakou.dat,141601,e1704b16128e15752348fe6911e37d2e6d5f9a97db98ed6b2471e3b3bbc1f4a0,16dccb83d5952c0fd5a90df27fa11ef0fc22665b1ae69a5f7e3a63e86c80b9d1
inelastic_dielectric/rpwba/H0/amorphous/polarization_on/completion.json,/gpfs01/work/yoffegid/dnaphysics-ice-ions/physics/inelastic_dielectric/output/caches/proton_q0_20260914_gy7ofudd/proton_q0_amorphous_rpwba_barkas_diagnostic/completion.json,1674,f6913e6c792377a89218a133b072bd406614bb20577ceca0d272b74e5eee4be5,f6913e6c792377a89218a133b072bd406614bb20577ceca0d272b74e5eee4be5
inelastic_dielectric/rpwba/H0/amorphous/polarization_on/DIAGNOSTIC_ONLY.json,/gpfs01/work/yoffegid/dnaphysics-ice-ions/physics/inelastic_dielectric/output/tables/proton_q0_20260914_gy7ofudd/diagnostic_proton_amorphous_ice_rpwba_dm2022_q0_frozen_hf_barkas_dcs/DIAGNOSTIC_ONLY.json,3790,0d7e8ffe47f44eb5c9ba3af38257ca469a938fbbdccb1ba1b61c200bfe9c2049,0d7e8ffe47f44eb5c9ba3af38257ca469a938fbbdccb1ba1b61c200bfe9c2049
inelastic_dielectric/rpwba/H0/amorphous/polarization_on/DIAGNOSTIC_ONLY.csv.gz,/gpfs01/work/yoffegid/dnaphysics-ice-ions/physics/inelastic_dielectric/output/tables/proton_q0_20260914_gy7ofudd/diagnostic_proton_amorphous_ice_rpwba_dm2022_q0_frozen_hf_barkas_dcs/DIAGNOSTIC_ONLY.csv,154864263,7efd43c4db63c45d34ec70619d2a3f23437896392afabfcc425b94abd1fa17fc,b52d13138dd4b70df1613fcfd5d5723a7c85fd17c39d3e7bc6b235865cbc9b68
inelastic_dielectric/pwba/H0/hexagonal/polarization_on/sigma_excitation_proton_hexagonal_ice_q0_frozen_hf_barkas_dcs_emfietzoglou_kyriakou.dat.gz,/gpfs01/work/yoffegid/dnaphysics-ice-ions/physics/inelastic_dielectric/output/tables/proton_q0_20260914_gy7ofudd/diagnostic_proton_hexagonal_ice_q0_frozen_hf_barkas_dcs/sigma_excitation_proton_hexagonal_ice_q0_frozen_hf_barkas_dcs_emfietzoglou_kyriakou.dat,141548,23447a50be1a88045164cdbe134d9e11eda5b25defb97dd4873635f2aa7c0ab4,afc655b24f2885a573ba499d4f1c2d0c01fa4a20014f36e33f17e35099480d18
inelastic_dielectric/pwba/H0/hexagonal/polarization_on/sigmadiff_excitation_proton_hexagonal_ice_q0_frozen_hf_barkas_dcs_emfietzoglou_kyriakou.dat.gz,/gpfs01/work/yoffegid/dnaphysics-ice-ions/physics/inelastic_dielectric/output/tables/proton_q0_20260914_gy7ofudd/diagnostic_proton_hexagonal_ice_q0_frozen_hf_barkas_dcs/sigmadiff_excitation_proton_hexagonal_ice_q0_frozen_hf_barkas_dcs_emfietzoglou_kyriakou.dat,164006404,bde32bcd7f50f3a193142267b2961c882ceede542848d9fa2ef448a4c49e9743,bb53a9e5a3e7b74b1b2da85f2f68abc8f9e0ad2f87f19b8151c4f794623a4813
inelastic_dielectric/pwba/H0/hexagonal/polarization_on/sigmadiff_ionisation_proton_hexagonal_ice_q0_frozen_hf_barkas_dcs_emfietzoglou_kyriakou.dat.gz,/gpfs01/work/yoffegid/dnaphysics-ice-ions/physics/inelastic_dielectric/output/tables/proton_q0_20260914_gy7ofudd/diagnostic_proton_hexagonal_ice_q0_frozen_hf_barkas_dcs/sigmadiff_ionisation_proton_hexagonal_ice_q0_frozen_hf_barkas_dcs_emfietzoglou_kyriakou.dat,163906539,e76481710415a11a61512cf4540f0dfc5c795d110bd3fa9928bd8cc304d1e6c3,4f137a49e6775568a52290f2e93658bbe78fc9a9189e81b7249cab3ff86f8e21
inelastic_dielectric/pwba/H0/hexagonal/polarization_on/sigma_ionisation_proton_hexagonal_ice_q0_frozen_hf_barkas_dcs_emfietzoglou_kyriakou.dat.gz,/gpfs01/work/yoffegid/dnaphysics-ice-ions/physics/inelastic_dielectric/output/tables/proton_q0_20260914_gy7ofudd/diagnostic_proton_hexagonal_ice_q0_frozen_hf_barkas_dcs/sigma_ionisation_proton_hexagonal_ice_q0_frozen_hf_barkas_dcs_emfietzoglou_kyriakou.dat,141548,8e80847eed5e6573ad77796bb998c4e2d99ec66a52ab73704773a0251f80308b,35cb3d0cc1992c7e3d3d3b57f0ee8e159d7233997bf214fc67c19fe815831a01
inelastic_dielectric/pwba/H0/hexagonal/polarization_on/completion.json,/gpfs01/work/yoffegid/dnaphysics-ice-ions/physics/inelastic_dielectric/output/caches/proton_q0_20260914_gy7ofudd/proton_q0_hexagonal_pwba_barkas_diagnostic/completion.json,1570,3c118d7f3c2bae53c9666c882ed5755364f6bedab1a53b92cd8e09bafa5e1381,3c118d7f3c2bae53c9666c882ed5755364f6bedab1a53b92cd8e09bafa5e1381
inelastic_dielectric/pwba/H0/hexagonal/polarization_on/DIAGNOSTIC_ONLY.json,/gpfs01/work/yoffegid/dnaphysics-ice-ions/physics/inelastic_dielectric/output/tables/proton_q0_20260914_gy7ofudd/diagnostic_proton_hexagonal_ice_q0_frozen_hf_barkas_dcs/DIAGNOSTIC_ONLY.json,3737,4646650014fefe874d0ef820d42164ef3e205e4fce8c73025d40c82420a8cb35,4646650014fefe874d0ef820d42164ef3e205e4fce8c73025d40c82420a8cb35
inelastic_dielectric/pwba/H0/hexagonal/polarization_on/DIAGNOSTIC_ONLY.csv.gz,/gpfs01/work/yoffegid/dnaphysics-ice-ions/physics/inelastic_dielectric/output/tables/proton_q0_20260914_gy7ofudd/diagnostic_proton_hexagonal_ice_q0_frozen_hf_barkas_dcs/DIAGNOSTIC_ONLY.csv,154879781,933f69cb13ced75aad52d87d0f7c4e53f0fde9d76599be71b781f10fad052207,29e45863106faa66679aa36074ec9924ed257b1c7c6c80c35fbee2069eba2a5b
inelastic_dielectric/rpwba/H0/hexagonal/polarization_on/sigma_excitation_proton_hexagonal_ice_rpwba_dm2022_q0_frozen_hf_barkas_dcs_emfietzoglou_kyriakou.dat.gz,/gpfs01/work/yoffegid/dnaphysics-ice-ions/physics/inelastic_dielectric/output/tables/proton_q0_20260914_gy7ofudd/diagnostic_proton_hexagonal_ice_rpwba_dm2022_q0_frozen_hf_barkas_dcs/sigma_excitation_proton_hexagonal_ice_rpwba_dm2022_q0_frozen_hf_barkas_dcs_emfietzoglou_kyriakou.dat,141589,946709dad4d384940285e8ba3763b6d7bc0c733aa535920a2d63754e5a7da7a2,9aaa25a4013812ff40e076e5064e75413f7af9a2623ebfb2883c616b27498652
inelastic_dielectric/rpwba/H0/hexagonal/polarization_on/sigmadiff_ionisation_proton_hexagonal_ice_rpwba_dm2022_q0_frozen_hf_barkas_dcs_emfietzoglou_kyriakou.dat.gz,/gpfs01/work/yoffegid/dnaphysics-ice-ions/physics/inelastic_dielectric/output/tables/proton_q0_20260914_gy7ofudd/diagnostic_proton_hexagonal_ice_rpwba_dm2022_q0_frozen_hf_barkas_dcs/sigmadiff_ionisation_proton_hexagonal_ice_rpwba_dm2022_q0_frozen_hf_barkas_dcs_emfietzoglou_kyriakou.dat,163906580,f81237e3dac35def2727653ec089ca2219cdb06b211d21ea9bc25c27e44a5f50,95d29248f19705363d69dfcb449030ad8d292d623e749a393a9508f4e3469c48
inelastic_dielectric/rpwba/H0/hexagonal/polarization_on/sigmadiff_excitation_proton_hexagonal_ice_rpwba_dm2022_q0_frozen_hf_barkas_dcs_emfietzoglou_kyriakou.dat.gz,/gpfs01/work/yoffegid/dnaphysics-ice-ions/physics/inelastic_dielectric/output/tables/proton_q0_20260914_gy7ofudd/diagnostic_proton_hexagonal_ice_rpwba_dm2022_q0_frozen_hf_barkas_dcs/sigmadiff_excitation_proton_hexagonal_ice_rpwba_dm2022_q0_frozen_hf_barkas_dcs_emfietzoglou_kyriakou.dat,164007679,3a49dc384d74c4ec8945c8da932a75ade20d7f4fd1133140aca3f7451e997466,b4458b842d6a243e367503ad0a2295c369a69af11e818427dc223e5b70707958
inelastic_dielectric/rpwba/H0/hexagonal/polarization_on/sigma_ionisation_proton_hexagonal_ice_rpwba_dm2022_q0_frozen_hf_barkas_dcs_emfietzoglou_kyriakou.dat.gz,/gpfs01/work/yoffegid/dnaphysics-ice-ions/physics/inelastic_dielectric/output/tables/proton_q0_20260914_gy7ofudd/diagnostic_proton_hexagonal_ice_rpwba_dm2022_q0_frozen_hf_barkas_dcs/sigma_ionisation_proton_hexagonal_ice_rpwba_dm2022_q0_frozen_hf_barkas_dcs_emfietzoglou_kyriakou.dat,141589,22ee7cc3ee80904acfddb4b31a2d6a156f7cf763904d1b2146221f888e408dda,28bb6f0aa4170aac8c06ae3318a210771da01b86868ddab0c3781440ad955f79
inelastic_dielectric/rpwba/H0/hexagonal/polarization_on/completion.json,/gpfs01/work/yoffegid/dnaphysics-ice-ions/physics/inelastic_dielectric/output/caches/proton_q0_20260914_gy7ofudd/proton_q0_hexagonal_rpwba_barkas_diagnostic/completion.json,1674,3d99d7afec182db6f270cca8a944487104e9baba3887dbc6bff03422aea57d69,3d99d7afec182db6f270cca8a944487104e9baba3887dbc6bff03422aea57d69
inelastic_dielectric/rpwba/H0/hexagonal/polarization_on/DIAGNOSTIC_ONLY.json,/gpfs01/work/yoffegid/dnaphysics-ice-ions/physics/inelastic_dielectric/output/tables/proton_q0_20260914_gy7ofudd/diagnostic_proton_hexagonal_ice_rpwba_dm2022_q0_frozen_hf_barkas_dcs/DIAGNOSTIC_ONLY.json,3778,9dcd04f8bb0d8d8cf327845ae4d7849840f5c357f9dbe098a5a25652a3f2a8e3,9dcd04f8bb0d8d8cf327845ae4d7849840f5c357f9dbe098a5a25652a3f2a8e3
inelastic_dielectric/rpwba/H0/hexagonal/polarization_on/DIAGNOSTIC_ONLY.csv.gz,/gpfs01/work/yoffegid/dnaphysics-ice-ions/physics/inelastic_dielectric/output/tables/proton_q0_20260914_gy7ofudd/diagnostic_proton_hexagonal_ice_rpwba_dm2022_q0_frozen_hf_barkas_dcs/DIAGNOSTIC_ONLY.csv,154885442,6db5e6fee6751c2648220c60e38957f9df5b0c81a8a1ab9a0687f9aa2f99cdc9,46345d4f75a427c5aa1e03d2187ec09cd04719168ebbab088a885676e58f0159
inelastic_dielectric/pwba/H1/amorphous/polarization_on/sigma_ionisation_proton_amorphous_ice_q1_frozen_hf_barkas_dcs_emfietzoglou_kyriakou.dat.gz,/gpfs01/work/yoffegid/dnaphysics-ice-ions/physics/inelastic_dielectric/output/continuation_rtol05_20260929/tables/proton_q1_20260914_s9w6fly3/sigma_ionisation_proton_amorphous_ice_q1_frozen_hf_barkas_dcs_emfietzoglou_kyriakou.dat,141049,1d93640197933cc78bb091fa69d34efb1229d8155e2a111f35952f0ff47d5984,dd9b73e198e9600e92e11285fbd64a3b54c5a09ee8398e46929a6cf45d5d7e3d
inelastic_dielectric/pwba/H1/amorphous/polarization_on/sigmadiff_ionisation_proton_amorphous_ice_q1_frozen_hf_barkas_dcs_emfietzoglou_kyriakou.dat.gz,/gpfs01/work/yoffegid/dnaphysics-ice-ions/physics/inelastic_dielectric/output/continuation_rtol05_20260929/tables/proton_q1_20260914_s9w6fly3/sigmadiff_ionisation_proton_amorphous_ice_q1_frozen_hf_barkas_dcs_emfietzoglou_kyriakou.dat,163906040,51bc337586b2269a5ce30991a20a7250538c75bb413b3a5551f5ec62fa9d0c35,bc78458d90dabc881e8de841978e10bf2df347e32e6db0485e4d606f7f7cdc3d
inelastic_dielectric/pwba/H1/amorphous/polarization_on/sigma_excitation_proton_amorphous_ice_q1_frozen_hf_barkas_dcs_emfietzoglou_kyriakou.dat.gz,/gpfs01/work/yoffegid/dnaphysics-ice-ions/physics/inelastic_dielectric/output/continuation_rtol05_20260929/tables/proton_q1_20260914_s9w6fly3/sigma_excitation_proton_amorphous_ice_q1_frozen_hf_barkas_dcs_emfietzoglou_kyriakou.dat,141049,0fcff1a0c188225cb01cdbf4e28cbf7ef0ead584aa76bf8e199f32f6fa03b8d4,7634c240529ae4b0b2d6d7597272478b855119bbcc990f296f6e0561b49f5813
inelastic_dielectric/pwba/H1/amorphous/polarization_on/sigmadiff_excitation_proton_amorphous_ice_q1_frozen_hf_barkas_dcs_emfietzoglou_kyriakou.dat.gz,/gpfs01/work/yoffegid/dnaphysics-ice-ions/physics/inelastic_dielectric/output/continuation_rtol05_20260929/tables/proton_q1_20260914_s9w6fly3/sigmadiff_excitation_proton_amorphous_ice_q1_frozen_hf_barkas_dcs_emfietzoglou_kyriakou.dat,164006111,b2f3d458965ddb5803117fbea2c38538baa5525eaa1615d5247654b36807580b,95d6b7f35a5e48be5e5811c896eccc4491214c11b9ed40fae15061b6ee9d4940
inelastic_dielectric/pwba/H1/amorphous/polarization_on/completion.json,/gpfs01/work/yoffegid/dnaphysics-ice-ions/physics/inelastic_dielectric/output/continuation_rtol05_20260929/caches/proton_q1_amorphous_pwba_barkas/completion.json,1462,beca8173203db31bb8cb8a66e4b841247aa8b9e12eaf58e79365cbf22147278e,beca8173203db31bb8cb8a66e4b841247aa8b9e12eaf58e79365cbf22147278e
inelastic_dielectric/rpwba/H1/amorphous/polarization_on/sigmadiff_ionisation_proton_amorphous_ice_rpwba_dm2022_q1_frozen_hf_barkas_dcs_emfietzoglou_kyriakou.dat.gz,/gpfs01/work/yoffegid/dnaphysics-ice-ions/physics/inelastic_dielectric/output/continuation_rtol05_20260929/tables/proton_q1_20260914_s9w6fly3/sigmadiff_ionisation_proton_amorphous_ice_rpwba_dm2022_q1_frozen_hf_barkas_dcs_emfietzoglou_kyriakou.dat,163906081,9cbfba38bccee50cfe6480704a3f1dc574c9ce73b63257d999c41bb37bac5ff5,c47b4ceaa5261b92655b4f317a7a12d851e9bf851326422561ac4222f7ca11e7
inelastic_dielectric/rpwba/H1/amorphous/polarization_on/sigma_excitation_proton_amorphous_ice_rpwba_dm2022_q1_frozen_hf_barkas_dcs_emfietzoglou_kyriakou.dat.gz,/gpfs01/work/yoffegid/dnaphysics-ice-ions/physics/inelastic_dielectric/output/continuation_rtol05_20260929/tables/proton_q1_20260914_s9w6fly3/sigma_excitation_proton_amorphous_ice_rpwba_dm2022_q1_frozen_hf_barkas_dcs_emfietzoglou_kyriakou.dat,141090,599636b160a79845d777155b21d6cbd626ca7e6d907cdbd4139974238bd42d0a,d20b427fde58a7fa27ba343311d913d96e16975c16f42b0f8662bb1adcee8c6d
inelastic_dielectric/rpwba/H1/amorphous/polarization_on/sigma_ionisation_proton_amorphous_ice_rpwba_dm2022_q1_frozen_hf_barkas_dcs_emfietzoglou_kyriakou.dat.gz,/gpfs01/work/yoffegid/dnaphysics-ice-ions/physics/inelastic_dielectric/output/continuation_rtol05_20260929/tables/proton_q1_20260914_s9w6fly3/sigma_ionisation_proton_amorphous_ice_rpwba_dm2022_q1_frozen_hf_barkas_dcs_emfietzoglou_kyriakou.dat,141090,ce8f5aed48aa7a5964cb90203eacb10aeb71d72dc66c181bd211c8ae9949d1b9,44c3ed847791ad80b0d2027b642603b99ccb203c3d11441b23fe03e805f5a043
inelastic_dielectric/rpwba/H1/amorphous/polarization_on/sigmadiff_excitation_proton_amorphous_ice_rpwba_dm2022_q1_frozen_hf_barkas_dcs_emfietzoglou_kyriakou.dat.gz,/gpfs01/work/yoffegid/dnaphysics-ice-ions/physics/inelastic_dielectric/output/continuation_rtol05_20260929/tables/proton_q1_20260914_s9w6fly3/sigmadiff_excitation_proton_amorphous_ice_rpwba_dm2022_q1_frozen_hf_barkas_dcs_emfietzoglou_kyriakou.dat,164007413,3b8c9aa79e71189e08521bd90bbace28a38f883f3d60f59265928b2aeed2f100,47259128b6ed6e7f3bf90420fcdea660393ec6fa99610503dd58facd130d8a6a
inelastic_dielectric/rpwba/H1/amorphous/polarization_on/completion.json,/gpfs01/work/yoffegid/dnaphysics-ice-ions/physics/inelastic_dielectric/output/continuation_rtol05_20260929/caches/proton_q1_amorphous_rpwba_barkas/completion.json,1514,6fa4208b35711b28674054be37f7de0a15e5c0e524d7ae2d6e280b0078bad5c0,6fa4208b35711b28674054be37f7de0a15e5c0e524d7ae2d6e280b0078bad5c0
inelastic_dielectric/pwba/H1/hexagonal/polarization_on/sigmadiff_excitation_proton_hexagonal_ice_q1_frozen_hf_barkas_dcs_emfietzoglou_kyriakou.dat.gz,/gpfs01/work/yoffegid/dnaphysics-ice-ions/physics/inelastic_dielectric/output/continuation_rtol05_20260929/tables/proton_q1_20260914_s9w6fly3/sigmadiff_excitation_proton_hexagonal_ice_q1_frozen_hf_barkas_dcs_emfietzoglou_kyriakou.dat,164005911,6cd866b35bbcd8c044898bb3606e0df1ac7477ced47a5f38efb63015fef139ff,47f4b7e91f87f5a54f9a2171345fce87e465781d7ce1e39e99669fc035f803a8
inelastic_dielectric/pwba/H1/hexagonal/polarization_on/sigmadiff_ionisation_proton_hexagonal_ice_q1_frozen_hf_barkas_dcs_emfietzoglou_kyriakou.dat.gz,/gpfs01/work/yoffegid/dnaphysics-ice-ions/physics/inelastic_dielectric/output/continuation_rtol05_20260929/tables/proton_q1_20260914_s9w6fly3/sigmadiff_ionisation_proton_hexagonal_ice_q1_frozen_hf_barkas_dcs_emfietzoglou_kyriakou.dat,163906029,86edc1561f8971e5a65d635fa445e97c75bb3eadd948c311186265aac1629193,beb51fba5d5132d92ffc080b9d86c35f12765fda8de8b964c36210b601d6d551
inelastic_dielectric/pwba/H1/hexagonal/polarization_on/sigma_ionisation_proton_hexagonal_ice_q1_frozen_hf_barkas_dcs_emfietzoglou_kyriakou.dat.gz,/gpfs01/work/yoffegid/dnaphysics-ice-ions/physics/inelastic_dielectric/output/continuation_rtol05_20260929/tables/proton_q1_20260914_s9w6fly3/sigma_ionisation_proton_hexagonal_ice_q1_frozen_hf_barkas_dcs_emfietzoglou_kyriakou.dat,141038,e405704e888b974305921d464e133aa54634529abf4fb0546b766277675b25bc,e0b27519a63c26aff5e82709ba2afe3733cb3631f2ac03bec8e0076b62791c5d
inelastic_dielectric/pwba/H1/hexagonal/polarization_on/sigma_excitation_proton_hexagonal_ice_q1_frozen_hf_barkas_dcs_emfietzoglou_kyriakou.dat.gz,/gpfs01/work/yoffegid/dnaphysics-ice-ions/physics/inelastic_dielectric/output/continuation_rtol05_20260929/tables/proton_q1_20260914_s9w6fly3/sigma_excitation_proton_hexagonal_ice_q1_frozen_hf_barkas_dcs_emfietzoglou_kyriakou.dat,141038,f733b2e0f93403ec3003d297c75a2cf20342431a04871906ce6c84c0c1c7c4c8,e4e3af0a8ce3cefc621d6ea8b6fe25cb2850ff532ec23acff788a01ebdd44b63
inelastic_dielectric/pwba/H1/hexagonal/polarization_on/completion.json,/gpfs01/work/yoffegid/dnaphysics-ice-ions/physics/inelastic_dielectric/output/continuation_rtol05_20260929/caches/proton_q1_hexagonal_pwba_barkas/completion.json,1462,f28a5f4904856c0e697d5b68b6509fe4a5e50a3a2820ef40478eed4619f2ba7e,f28a5f4904856c0e697d5b68b6509fe4a5e50a3a2820ef40478eed4619f2ba7e
inelastic_dielectric/rpwba/H1/hexagonal/polarization_on/sigmadiff_ionisation_proton_hexagonal_ice_rpwba_dm2022_q1_frozen_hf_barkas_dcs_emfietzoglou_kyriakou.dat.gz,/gpfs01/work/yoffegid/dnaphysics-ice-ions/physics/inelastic_dielectric/output/continuation_rtol05_20260929/tables/proton_q1_20260914_s9w6fly3/sigmadiff_ionisation_proton_hexagonal_ice_rpwba_dm2022_q1_frozen_hf_barkas_dcs_emfietzoglou_kyriakou.dat,163906070,fc20197dbb6add6af23cd0641c609244e8fd7a33ee10bd4fd6c23f2aec1e967a,876cdff6b33efb0359b9eb6cfa925adc0e66c033458179796fff5247f9c8eeb0
inelastic_dielectric/rpwba/H1/hexagonal/polarization_on/sigma_ionisation_proton_hexagonal_ice_rpwba_dm2022_q1_frozen_hf_barkas_dcs_emfietzoglou_kyriakou.dat.gz,/gpfs01/work/yoffegid/dnaphysics-ice-ions/physics/inelastic_dielectric/output/continuation_rtol05_20260929/tables/proton_q1_20260914_s9w6fly3/sigma_ionisation_proton_hexagonal_ice_rpwba_dm2022_q1_frozen_hf_barkas_dcs_emfietzoglou_kyriakou.dat,141079,f98b1c67ef6dd7625844b3077724f5f0910a76361eae4e2b72ccdcc64384dfd6,f8672f151349cc4b23fc8c373995d6c4c139438a45192be9d8a607437330de43
inelastic_dielectric/rpwba/H1/hexagonal/polarization_on/sigma_excitation_proton_hexagonal_ice_rpwba_dm2022_q1_frozen_hf_barkas_dcs_emfietzoglou_kyriakou.dat.gz,/gpfs01/work/yoffegid/dnaphysics-ice-ions/physics/inelastic_dielectric/output/continuation_rtol05_20260929/tables/proton_q1_20260914_s9w6fly3/sigma_excitation_proton_hexagonal_ice_rpwba_dm2022_q1_frozen_hf_barkas_dcs_emfietzoglou_kyriakou.dat,141079,53105748665b7a2d9e331c2de3f5960fadd589585942fbca1323078e819eca0c,67a4aedfc0d58aa09fa7440a222328ddce92a9fae8da76d09885ce81b5f8e004
inelastic_dielectric/rpwba/H1/hexagonal/polarization_on/sigmadiff_excitation_proton_hexagonal_ice_rpwba_dm2022_q1_frozen_hf_barkas_dcs_emfietzoglou_kyriakou.dat.gz,/gpfs01/work/yoffegid/dnaphysics-ice-ions/physics/inelastic_dielectric/output/continuation_rtol05_20260929/tables/proton_q1_20260914_s9w6fly3/sigmadiff_excitation_proton_hexagonal_ice_rpwba_dm2022_q1_frozen_hf_barkas_dcs_emfietzoglou_kyriakou.dat,164007191,6afdc69dd3df9ae29969c714c3c6954b507a9705e409e129b0716aa6d27a7c19,6889b317145a2abd0618815f24e8f8ce4cb824abcb98015487350bfa161e4816
inelastic_dielectric/rpwba/H1/hexagonal/polarization_on/completion.json,/gpfs01/work/yoffegid/dnaphysics-ice-ions/physics/inelastic_dielectric/output/continuation_rtol05_20260929/caches/proton_q1_hexagonal_rpwba_barkas/completion.json,1514,135f02ca62dd0f9121affa0b3649debbf2702bda96d92bea7c0754406957fde7,135f02ca62dd0f9121affa0b3649debbf2702bda96d92bea7c0754406957fde7
