pair,r_angstrom,single_configuration_g,epsr_mean_g
OO,0.015,0.0,0.0
OO,0.045,0.0,0.0
OO,0.075,0.0,0.0
OO,0.105,0.0,0.0
OO,0.135,0.0,0.0
OO,0.16499999999999998,0.0,0.0
OO,0.195,0.0,0.0
OO,0.22499999999999998,0.0,0.0
OO,0.255,0.0,0.0
OO,0.28500000000000003,0.0,0.0
OO,0.31499999999999995,0.0,0.0
OO,0.345,0.0,0.0
OO,0.375,0.0,0.0
OO,0.405,0.0,0.0
OO,0.43499999999999994,0.0,0.0
OO,0.46499999999999997,0.0,0.0
OO,0.495,0.0,0.0
OO,0.525,0.0,0.0
OO,0.5549999999999999,0.0,0.0
OO,0.585,0.0,0.0
OO,0.615,0.0,0.0
OO,0.645,0.0,0.0
OO,0.6749999999999999,0.0,0.0
OO,0.705,0.0,0.0
OO,0.735,0.0,0.0
OO,0.765,0.0,0.0
OO,0.7949999999999999,0.0,0.0
OO,0.825,0.0,0.0
OO,0.855,0.0,0.0
OO,0.885,0.0,0.0
OO,0.9149999999999999,0.0,0.0
OO,0.945,0.0,0.0
OO,0.975,0.0,0.0
OO,1.005,0.0,0.0
OO,1.0350000000000001,0.0,0.0
OO,1.065,0.0,0.0
OO,1.095,0.0,0.0
OO,1.125,0.0,0.0
OO,1.1549999999999998,0.0,0.0
OO,1.185,0.0,0.0
OO,1.2149999999999999,0.0,0.0
OO,1.245,0.0,0.0
OO,1.275,0.0,0.0
OO,1.305,0.0,0.0
OO,1.335,0.0,0.0
OO,1.3649999999999998,0.0,0.0
OO,1.395,0.0,0.0
OO,1.4249999999999998,0.0,0.0
OO,1.455,0.0,0.0
OO,1.4849999999999999,0.0,0.0
OO,1.5150000000000001,0.0,0.0
OO,1.545,0.0,0.0
OO,1.575,0.0,0.0
OO,1.605,0.0,0.0
OO,1.6349999999999998,0.0,0.0
OO,1.665,0.0,0.0
OO,1.6949999999999998,0.0,0.0
OO,1.725,0.0,0.0
OO,1.755,0.0,0.0
OO,1.785,0.0,0.0
OO,1.815,0.0,0.0
OO,1.8449999999999998,0.0,0.0
OO,1.875,0.0,0.0
OO,1.9049999999999998,0.0,0.0
OO,1.935,0.0,0.0
OO,1.9649999999999999,0.0,0.0
OO,1.9949999999999999,0.0,0.0
OO,2.025,0.0,0.0
OO,2.0549999999999997,0.0,0.0
OO,2.085,0.0,0.0
OO,2.115,0.0,0.0
OO,2.145,0.0,0.0
OO,2.175,0.0,0.0
OO,2.205,0.0,0.0
OO,2.235,0.0,0.0
OO,2.2649999999999997,0.0,0.0
OO,2.295,0.0,0.0
OO,2.325,0.0,0.0
OO,2.355,0.0,0.00018931168819333406
OO,2.385,0.0,0.002619068142873309
OO,2.415,0.0,0.020486931450933395
OO,2.445,0.08523908844592323,0.0972312633179993
OO,2.4749999999999996,0.2587985091931486,0.3068032430599962
OO,2.505,0.658660579266833,0.7207835022266638
OO,2.535,1.453725508463756,1.3550205608800014
OO,2.565,2.4697993380124945,2.150581912933335
OO,2.5949999999999998,3.0351985312650536,3.0002823805333287
OO,2.625,3.9768708001778887,3.754608197866668
OO,2.655,4.489909621290699,4.272974920266664
OO,2.6849999999999996,4.570769800113971,4.490268054933332
OO,2.715,4.524084113643743,4.3802082734666685
OO,2.745,3.666825682231254,3.9901217169333325
OO,2.775,3.242409383210625,3.42718872646667
OO,2.8049999999999997,2.727274185466528,2.7948329595333417
OO,2.835,2.127434641274623,2.1884456882666656
OO,2.865,1.510603048484107,1.6600828625333288
OO,2.8949999999999996,1.0538602856906716,1.2398806094000046
OO,2.925,0.827206480018147,0.932532509946668
OO,2.955,0.7326882141645913,0.7123820860199996
OO,2.985,0.6163662787253898,0.5576118274266674
OO,3.0149999999999997,0.386165024104962,0.44966297908000114
OO,3.045,0.39691244164401407,0.37053487030666704
OO,3.075,0.34130341480563825,0.31257290125333326
OO,3.105,0.3053769258833517,0.2722740254266666
OO,3.135,0.26499573853480585,0.24689058748291615
OO,3.165,0.20912719219780238,0.22764181531000002
OO,3.195,0.24958993085812914,0.2125824726100001
OO,3.2249999999999996,0.2123056246310848,0.20478886859000003
OO,3.255,0.17100325652040665,0.20190080368
OO,3.285,0.21511443457210794,0.20268910395
OO,3.315,0.18547779918232155,0.20713148440999998
OO,3.3449999999999998,0.2226470698576447,0.21395678066999996
OO,3.375,0.22864772288284615,0.22463685517
OO,3.405,0.18556925214132625,0.2385697314499999
OO,3.4349999999999996,0.27831153909353995,0.25377210892999974
OO,3.465,0.28766041784501034,0.2738881641799998
OO,3.495,0.25956758892918963,0.2956207823800001
OO,3.525,0.2870642750484875,0.31931280590999994
OO,3.5549999999999997,0.36287971702607447,0.34531964547999977
OO,3.585,0.40529051096560736,0.37353624772999994
OO,3.6149999999999998,0.4809094883962777,0.40497208941999974
OO,3.6449999999999996,0.44745693650633145,0.4401251410599994
OO,3.675,0.47791120776821827,0.4776849209299997
OO,3.705,0.4743277198100166,0.5173663152299999
OO,3.735,0.5925551423205695,0.5626807975599996
OO,3.7649999999999997,0.5352195915239873,0.6085669297499996
OO,3.795,0.7233549599132323,0.6554490465499999
OO,3.825,0.6694843982742122,0.7080295694500004
OO,3.8549999999999995,0.784830236849129,0.7613374421999992
OO,3.885,0.799014870159578,0.8157033308599996
OO,3.915,0.8163681986109497,0.87276913231
OO,3.945,0.9495194430748768,0.9272730185599996
OO,3.9749999999999996,1.1000730133196894,0.9803461960399995
OO,4.005,1.0554157711467287,1.0358707087999999
OO,4.035,0.9876173802484688,1.0921710513
OO,4.0649999999999995,1.0861646242229575,1.147803145928468
OO,4.095,1.13445947207507,1.2027871144666664
OO,4.125,1.1878944653465147,1.2579142357999997
OO,4.154999999999999,1.259350863231352,1.3139267325333324
OO,4.1850000000000005,1.377134243421615,1.3648825616666678
OO,4.215,1.4978224283561654,1.4097316886770437
OO,4.244999999999999,1.5552759809946395,1.4510882979999988
OO,4.275,1.483955766593992,1.4923044497333342
OO,4.305,1.6405356765337757,1.5252137442666664
OO,4.335,1.4642518962811206,1.5497223896333332
OO,4.365,1.5392849277365193,1.5721468026732444
OO,4.395,1.5183426009205923,1.5890284999999997
OO,4.425,1.6134869165858452,1.5979785
OO,4.455,1.6460317880555593,1.6023079999999998
OO,4.484999999999999,1.5227556299017695,1.602794
OO,4.515000000000001,1.6609002085591458,1.5963031265291154
OO,4.545,1.5376339950495814,1.583732585
OO,4.574999999999999,1.5391749129234824,1.5628823050333338
OO,4.605,1.5298656011865623,1.537319899133333
OO,4.635,1.5180320926891864,1.5100113821539285
OO,4.664999999999999,1.4595451399501764,1.4806905666000008
OO,4.695,1.512871657203486,1.4493846075333332
OO,4.725,1.4962576703418402,1.413686652266667
OO,4.755,1.4048172807346557,1.375751405733333
OO,4.785,1.4490780298719041,1.3389726226459118
OO,4.8149999999999995,1.301645388101999,1.3010908292000005
OO,4.845,1.2011572173871856,1.2640335822
OO,4.875,1.234066638628036,1.2271662912999999
OO,4.904999999999999,1.2449036994724834,1.191928756100001
OO,4.9350000000000005,1.1554208494113525,1.1575472236592108
OO,4.965,1.0703000666702815,1.1246459464
OO,4.994999999999999,1.0120967513770938,1.0961571505333343
OO,5.025,1.0157439462460376,1.0696634143999997
OO,5.055,1.0923524510695355,1.0466537213333333
OO,5.084999999999999,1.0247599448204447,1.0242321651278299
OO,5.115,0.9803138619163052,1.0028983885499998
OO,5.145,1.0352204337101765,0.9857380814333335
OO,5.175,0.9154306193079772,0.9671813044333335
OO,5.205,0.9676042869309528,0.9492185810806306
OO,5.234999999999999,0.8986987945469536,0.9339458797800002
OO,5.265,0.8210840007932869,0.9178853944800002
OO,5.295,0.9632627167518877,0.90167648904
OO,5.324999999999999,0.9105083491157356,0.8873270504800002
OO,5.355,0.9299514666482607,0.8761497801906603
OO,5.385,0.8493294460088489,0.8665223526
OO,5.414999999999999,0.8438065009189304,0.8589599760533334
OO,5.445,0.8956440367191979,0.8532180035933333
OO,5.475,0.8688563126270918,0.8473038063433335
OO,5.505,0.8089685494026037,0.8436236363621212
OO,5.535,0.8427291022421478,0.8413706396799999
OO,5.5649999999999995,0.8793730465731928,0.83786258144
OO,5.595,0.9025240553319652,0.83631999056
OO,5.625,0.8285035445474418,0.83531919376
OO,5.654999999999999,0.7914085699842216,0.8343401608113062
OO,5.6850000000000005,0.8268743412326581,0.83531916881
OO,5.715,0.865020782409679,0.83703769979
OO,5.744999999999999,0.8354248147810966,0.83834956352
OO,5.775,0.8063955427666232,0.83875699192
OO,5.805,0.8585684951585492,0.8408268082330588
OO,5.834999999999999,0.8032004000004914,0.8431164233333333
OO,5.865,0.8345078806599758,0.8442009037
OO,5.895,0.8716551262858133,0.8467817250666666
OO,5.925,0.8160792631241721,0.8494333382387255
OO,5.955,0.8573720041048954,0.8523081722433333
OO,5.984999999999999,0.8867334779199975,0.8571217976366666
OO,6.015,0.8231387430295753,0.86396913002
OO,6.045,0.8831628996082999,0.8710595211966666
OO,6.074999999999999,0.866791139973839,0.878340787733742
OO,6.105,0.8704460808863288,0.8873682408400002
OO,6.135,0.85593686085526,0.8974543895599999
OO,6.164999999999999,0.9384972261828656,0.9078445487999998
OO,6.195,0.871893567284459,0.9205941495200003
OO,6.225,0.9131874367548586,0.9324708205259823
OO,6.255,0.9435210590994835,0.9418458844666666
OO,6.285,0.9173351779102825,0.9547270003966668
OO,6.3149999999999995,0.9824671331573308,0.9670797457933332
OO,6.345,0.9971067035465512,0.9772391990899999
OO,6.375,1.0030689326484534,0.9883089627145761
OO,6.404999999999999,1.043379251455609,0.9986201086799997
OO,6.4350000000000005,1.0104294881635651,1.0083650953333334
OO,6.465,1.0444219801124233,1.0179849269333334
OO,6.494999999999999,1.0549282582025878,1.0242441701609946
OO,6.525,1.0479097549259098,1.0292913445
OO,6.555,1.0501990813519648,1.0350898575
OO,6.584999999999999,1.0576261295519853,1.0405741579999999
OO,6.615,1.0351159683759212,1.0448390785000001
OO,6.645,1.0552821441998952,1.048451735008833
OO,6.675,1.0877521649197461,1.0529315594666666
OO,6.705,1.0163299142054378,1.0544548192
OO,6.734999999999999,1.1071517845742544,1.0530361938666666
OO,6.765,1.1146741768918342,1.0509305530666666
OO,6.795,1.025146923305165,1.046814427552415
OO,6.824999999999999,1.0659897909506852,1.0427021427666667
OO,6.855,1.0386066935569787,1.0383133331333332
OO,6.885,1.039130612180945,1.0333742632666667
OO,6.914999999999999,1.0017163808083156,1.0287869364666669
OO,6.945,1.037687421340904,1.021743696743442
OO,6.975,0.9950307085132505,1.0141212998
OO,7.004999999999999,0.9542189329734443,1.0076539612000002
OO,7.035,1.0204587536206744,0.9987100248999999
OO,7.0649999999999995,0.8983791404105524,0.9884272674810841
OO,7.095,0.9886507296124866,0.9800932828666669
OO,7.125,0.9691898566265477,0.9742897657
OO,7.154999999999999,0.9389603221381376,0.9688096278500001
OO,7.185,1.0210687103393103,0.9624080302733334
OO,7.215,0.9070938382067272,0.9564783772840906
OO,7.244999999999999,0.9740243473608148,0.9525946008
OO,7.275,0.9467517634367749,0.9504481115333333
OO,7.305,0.9559676650664619,0.9483762504666667
OO,7.334999999999999,0.9397451216196273,0.9476433248666667
OO,7.365,0.9498493989551633,0.9467891003766541
OO,7.395,0.9649358075821225,0.9465629285299999
OO,7.425,1.0033686320001562,0.94691787699
OO,7.455,0.9453912041402345,0.94823527431
OO,7.484999999999999,0.9681458342406615,0.9501069585999999
OO,7.515,0.9634391802899898,0.9521845630978967
OO,7.545,0.9498253885326617,0.95630196368
OO,7.574999999999999,0.961064593298149,0.9617876380599998
OO,7.605,0.9368550466444825,0.9671483025133334
OO,7.635,1.0004100499404551,0.9712490631545615
OO,7.664999999999999,0.9694659734482399,0.9756166591366665
OO,7.695,0.9313236278570632,0.9822562053133335
OO,7.725,1.0303665850542674,0.9892504742333333
OO,7.754999999999999,0.9452115713829102,0.9944335784999998
OO,7.785,0.986519353668828,1.0008694207526416
OO,7.8149999999999995,0.9826680367954098,1.0079563712
OO,7.845,1.0193252868170228,1.0140678511999999
OO,7.875,1.0261813651377436,1.0212421664
OO,7.904999999999999,1.0492132160141505,1.0270884863999998
OO,7.935,1.0610774636024487,1.03137106809773
OO,7.965,0.9995520443398495,1.0364954825
OO,7.994999999999999,0.7334193329914842,1.0417039289642986
OH,0.015,0.0,0.0
OH,0.045,0.0,0.0
OH,0.075,0.0,0.0
OH,0.105,0.0,0.0
OH,0.135,0.0,0.0
OH,0.16499999999999998,0.0,0.0
OH,0.195,0.0,0.0
OH,0.22499999999999998,0.0,0.0
OH,0.255,0.0,0.0
OH,0.28500000000000003,0.0,0.0
OH,0.31499999999999995,0.0,0.0
OH,0.345,0.0,0.0
OH,0.375,0.0,0.0
OH,0.405,0.0,0.0
OH,0.43499999999999994,0.0,0.0
OH,0.46499999999999997,0.0,0.0
OH,0.495,0.0,0.0
OH,0.525,0.0,0.0
OH,0.5549999999999999,0.0,0.0
OH,0.585,0.0,0.0
OH,0.615,0.0,0.0
OH,0.645,0.0,0.0
OH,0.6749999999999999,0.0,0.0
OH,0.705,0.0,0.0
OH,0.735,0.0,0.0
OH,0.765,0.0,0.0
OH,0.7949999999999999,0.0,0.0
OH,0.825,0.0,0.0
OH,0.855,0.0,0.0
OH,0.885,0.0,0.0
OH,0.9149999999999999,0.0,0.0
OH,0.945,0.0,0.0
OH,0.975,0.0,0.0
OH,1.005,0.0,0.0
OH,1.0350000000000001,0.0,0.0
OH,1.065,0.0,0.0
OH,1.095,0.0,0.0
OH,1.125,0.0,0.0
OH,1.1549999999999998,0.0,8.901573398666552e-06
OH,1.185,0.0,8.634094896133345e-05
OH,1.2149999999999999,0.0,0.0004314688386399964
OH,1.245,0.0,0.0016042412434333349
OH,1.275,0.00870680996628079,0.00510835635663332
OH,1.305,0.0,0.01286948454060001
OH,1.335,0.04765076910345974,0.029071661578333352
OH,1.3649999999999998,0.04557933009880102,0.060305105610666404
OH,1.395,0.1381935965682501,0.1156048009693334
OH,1.4249999999999998,0.15334738817551508,0.1972622528099994
OH,1.455,0.34766537718270235,0.3056185708766668
OH,1.4849999999999999,0.4492931879348789,0.4377981910599991
OH,1.5150000000000001,0.6166802144461586,0.5869435019233334
OH,1.545,0.7767837903924983,0.7585996917599995
OH,1.575,0.9129462466034757,0.9523446745366669
OH,1.605,1.1758462194429962,1.163831874566667
OH,1.6349999999999998,1.4772567270598018,1.381174114933332
OH,1.665,1.6491561125365233,1.580656683966667
OH,1.6949999999999998,1.9164536961084075,1.7371542493333325
OH,1.725,1.6315652485225858,1.8498712652000002
OH,1.755,1.9990511731922502,1.9161856559
OH,1.785,1.9324224079808943,1.915176777
OH,1.815,1.7659489589463886,1.8348333669666665
OH,1.8449999999999998,1.6840391556311423,1.6688370668000014
OH,1.875,1.3729099149825925,1.4366729556999998
OH,1.9049999999999998,1.1388942164606506,1.1721244077666684
OH,1.935,0.9110576855182605,0.9166425100299997
OH,1.9649999999999999,0.6341792521838777,0.7045634012466678
OH,1.9949999999999999,0.5761300157969927,0.5406207691466676
OH,2.025,0.37969437067819606,0.4205066731500003
OH,2.0549999999999997,0.33182056670599763,0.3356531198866674
OH,2.085,0.211637789557166,0.2752801828027601
OH,2.115,0.15821273961262172,0.2310238886666663
OH,2.145,0.23995643542853665,0.1954577191133333
OH,2.175,0.17354098459141348,0.16750775415333347
OH,2.205,0.18340709582639497,0.14446017281999995
OH,2.235,0.14167978862313166,0.12530697336666674
OH,2.2649999999999997,0.11312030474816193,0.11147353213333348
OH,2.295,0.11824440058780586,0.10119142189666672
OH,2.325,0.09164643499942605,0.09451556794733332
OH,2.355,0.07401330086065783,0.09262481990999999
OH,2.385,0.10700040809624332,0.09470808283066665
OH,2.415,0.11163938827913644,0.10022367754866668
OH,2.445,0.10891661301423525,0.10986284263333328
OH,2.4749999999999996,0.09473873997249191,0.12310917351999981
OH,2.505,0.15789808407081612,0.13709809167999992
OH,2.535,0.132156864405796,0.1524396538266667
OH,2.565,0.21083652885472512,0.17144958080000003
OH,2.5949999999999998,0.17866473348859388,0.19260413979999988
OH,2.625,0.23828358100239416,0.2162698655933334
OH,2.655,0.2550172280428975,0.24455835615999982
OH,2.6849999999999996,0.2552405816214846,0.2780871142933329
OH,2.715,0.3014775916137808,0.31584231970666643
OH,2.745,0.36442837210699963,0.36059734753333345
OH,2.775,0.4540108376717825,0.4129723357599997
OH,2.8049999999999997,0.48033127145089904,0.4726036149866658
OH,2.835,0.605825758773568,0.5414001578133334
OH,2.865,0.5828582538671555,0.6196000187400007
OH,2.8949999999999996,0.7312844610642,0.7061987777066655
OH,2.925,0.8420961966584736,0.8003133208199994
OH,2.955,0.9158602677057391,0.9010504607600002
OH,2.985,1.070698123352868,1.0103118573133327
OH,3.0149999999999997,1.1507094871514796,1.1251821087333318
OH,3.045,1.2273753964684129,1.2380304377333327
OH,3.075,1.3292869839798542,1.3440386968000002
OH,3.105,1.394750382640308,1.4376577858666668
OH,3.135,1.4675579215596042,1.5136789380979363
OH,3.165,1.6193227179640644,1.5708259039999999
OH,3.195,1.528045021142546,1.6080445401999999
OH,3.2249999999999996,1.6494513913645819,1.6221802874
OH,3.255,1.600483603995681,1.6130318834000001
OH,3.285,1.497931001715532,1.5813572820999997
OH,3.315,1.5404961654309484,1.533171581
OH,3.3449999999999998,1.5079278822176845,1.4733524554000006
OH,3.375,1.436504172024838,1.4039506644000002
OH,3.405,1.2672426560703727,1.3315738602000007
OH,3.4349999999999996,1.1936206094744493,1.2611025455000011
OH,3.465,1.2473144347541842,1.1967500838000005
OH,3.495,1.103162252949056,1.1421414942999997
OH,3.525,1.1004130543525357,1.0970704913
OH,3.5549999999999997,1.0931191475847182,1.0623075559000004
OH,3.585,1.0176316090549489,1.0342963418
OH,3.6149999999999998,1.0528018529756349,1.0121807349
OH,3.6449999999999996,0.9140905988629342,0.9965606410000002
OH,3.675,0.9925041968344358,0.9846643296700001
OH,3.705,0.9672160895256425,0.9751237621900001
OH,3.735,0.9507263156752973,0.9665958322100001
OH,3.7649999999999997,0.9316415650967914,0.9587199926100001
OH,3.795,0.9798707812955062,0.95169405218
OH,3.825,0.9239271681385444,0.94552016303
OH,3.8549999999999995,0.9572261990696294,0.9402080745300001
OH,3.885,0.9106143649353876,0.93410540499
OH,3.915,0.9308813848414449,0.92839830352
OH,3.945,0.9249629057539748,0.92344000486
OH,3.9749999999999996,0.8967207543428413,0.92029531609
OH,4.005,0.949521212168796,0.9179998749
OH,4.035,0.9067649010555924,0.9159226095599999
OH,4.0649999999999995,0.8994265421404615,0.9146217752741576
OH,4.095,0.9048664836789249,0.9127236766866667
OH,4.125,0.9375049456901414,0.9137314576466666
OH,4.154999999999999,0.9051584329475342,0.9178454408666666
OH,4.1850000000000005,0.9366775751911102,0.9232762832400002
OH,4.215,0.9456995864142385,0.9300813430618979
OH,4.244999999999999,0.9363075602755607,0.9384593464899998
OH,4.275,0.9634869382269969,0.9471972360366668
OH,4.305,0.9355941358258264,0.9571164752399999
OH,4.335,1.0002708427270206,0.9696659613866665
OH,4.365,0.9672533667533534,0.9828934602246592
OH,4.395,0.9980611112228989,0.9975615999999997
OH,4.425,1.0467424082510322,1.0116304999999999
OH,4.455,1.0376846844111087,1.025588
OH,4.484999999999999,1.0210343895505858,1.040555
OH,4.515000000000001,1.024175504859841,1.0536607870404322
OH,4.545,1.0853887023879398,1.0657171221666666
OH,4.574999999999999,1.0427977661370869,1.077450095633333
OH,4.605,1.1000080762458353,1.0891696230666668
OH,4.635,1.0904266985245674,1.1003219501683277
OH,4.664999999999999,1.092057170221188,1.111331765133333
OH,4.695,1.1269481147674523,1.1225322414666667
OH,4.725,1.125363290193545,1.1337872578666666
OH,4.755,1.1888360143115468,1.1451782233333334
OH,4.785,1.1418289766098153,1.1566520585313822
OH,4.8149999999999995,1.1551187027621865,1.1684167767999998
OH,4.845,1.1890974059676356,1.1778378391
OH,4.875,1.2281107185574374,1.1850982088
OH,4.904999999999999,1.207250657522465,1.1928137480999998
OH,4.9350000000000005,1.1844807299297466,1.1986515151494952
OH,4.965,1.1977714265419568,1.2023590654666667
OH,4.994999999999999,1.18910021910672,1.2044243838666666
OH,5.025,1.1951247756051613,1.2046400586666668
OH,5.055,1.2042465662399442,1.2019196669333334
OH,5.084999999999999,1.2130705329712101,1.1972141613279559
OH,5.115,1.187521482840116,1.1924173641666667
OH,5.145,1.1737132499968168,1.1866245668333333
OH,5.175,1.1775862701028712,1.1797377288333333
OH,5.205,1.1441972939410294,1.171773568547715
OH,5.234999999999999,1.1900011624345868,1.1627414018000002
OH,5.265,1.152479222506498,1.1536122498
OH,5.295,1.1561172019716053,1.1438976362
OH,5.324999999999999,1.1401321652304497,1.1330482036000002
OH,5.355,1.0972834980674542,1.122615133662211
OH,5.385,1.1031520390689646,1.1110096185
OH,5.414999999999999,1.1310289654765755,1.0985636894000002
OH,5.445,1.0832709591235927,1.085031126233333
OH,5.475,1.0549048926135451,1.0698784449333334
OH,5.505,1.0709958913280428,1.0556274343855205
OH,5.535,1.0709682340993962,1.0410166293333332
OH,5.5649999999999995,1.0137470983884311,1.0260263653333337
OH,5.595,1.042243460691473,1.0115273674666667
OH,5.625,1.0168404734105483,0.9979725614933332
OH,5.654999999999999,0.9697853338005757,0.9850851313756211
OH,5.6850000000000005,0.9841030957361138,0.9712909258799998
OH,5.715,0.9815992345480575,0.9593269516199999
OH,5.744999999999999,0.9555064103348476,0.9498082096300002
OH,5.775,0.9354188296092829,0.93956753503
OH,5.805,0.9030930844378087,0.9306291426852439
OH,5.834999999999999,0.9291681645968417,0.9225129532333336
OH,5.865,0.9258593350517483,0.9143536857666666
OH,5.895,0.8891696919074442,0.9075031811666668
OH,5.925,0.8741402383662081,0.9005427297156762
OH,5.955,0.880123495833936,0.8935162524633333
OH,5.984999999999999,0.8768545398861294,0.8879732117433334
OH,6.015,0.8966891630341192,0.88366724599
OH,6.045,0.8800640824166919,0.8802607016333334
OH,6.074999999999999,0.8441625217178849,0.8773998509283025
OH,6.105,0.8799404753113542,0.8741369549999999
OH,6.135,0.8657146984572973,0.87069544832
OH,6.164999999999999,0.8744410663005431,0.86918316016
OH,6.195,0.8825893851572378,0.86869588036
OH,6.225,0.8434199165867874,0.8680687653378221
OH,6.255,0.8566939677713101,0.8680281755
OH,6.285,0.8703934168531549,0.86814532258
OH,6.3149999999999995,0.8703068679558436,0.8687785286466667
OH,6.345,0.871589392839175,0.8704679563833333
OH,6.375,0.8905719655493387,0.8720582092063598
OH,6.404999999999999,0.8684476110825953,0.8741280146066666
OH,6.4350000000000005,0.9044642847363984,0.8783003408266667
OH,6.465,0.8767861564562464,0.8827559507533334
OH,6.494999999999999,0.882462251613488,0.8877149263624545
OH,6.525,0.8703768205571167,0.8931887439
OH,6.555,0.9006412447980777,0.8991576864999999
OH,6.584999999999999,0.8921272259461654,0.9059939270499998
OH,6.615,0.8950518389050545,0.9138273887
OH,6.645,0.932187264682046,0.9218561092796906
OH,6.675,0.9689381141954514,0.9297577856266667
OH,6.705,0.9476930116971399,0.9381364770933333
OH,6.734999999999999,0.9464462690568527,0.9472540966133332
OH,6.765,0.9553908247555151,0.95574250064
OH,6.795,0.9966365573161159,0.9629524870037666
OH,6.824999999999999,0.9651036419781573,0.9711726672099998
OH,6.855,0.9928212476693159,0.9801035114433335
OH,6.885,1.025693578402743,0.9887314603266666
OH,6.914999999999999,0.9895797461708625,0.9969438327399998
OH,6.945,1.0274161940369073,1.0048034291523618
OH,6.975,1.0052137713196727,1.0117928154
OH,7.004999999999999,1.0173912262990743,1.0189935421999996
OH,7.035,1.0287528410239815,1.0257258812
OH,7.0649999999999995,1.0359150883585064,1.0313657489417019
OH,7.095,1.0209871442613592,1.0367869866
OH,7.125,1.0447509760585942,1.0408234017666667
OH,7.154999999999999,1.0346258908836605,1.0444679812333333
OH,7.185,1.0419068472850106,1.0469284046666667
OH,7.215,1.049846915262642,1.0490438589713675
OH,7.244999999999999,1.041979534385988,1.0508747573333332
OH,7.275,1.053996807826082,1.051317652
OH,7.305,1.0557023604230074,1.0517263033333333
OH,7.334999999999999,1.0612911031952903,1.0508214053333333
OH,7.365,1.0584036159786105,1.049531820472651
OH,7.395,1.0557867916114478,1.0490768087
OH,7.425,1.0257056511874678,1.0486103444000001
OH,7.455,1.0508308481364783,1.0472485638
OH,7.484999999999999,1.0578357536444805,1.0454115073
OH,7.515,1.0160724341559881,1.04371889530349
OH,7.545,1.0224298423157867,1.0418528089999999
OH,7.574999999999999,1.042962294780435,1.0396374411333333
OH,7.605,1.026918436708529,1.037308474
OH,7.635,1.0470311008114668,1.0353469347021766
OH,7.664999999999999,1.0236731911485017,1.032711576
OH,7.695,1.0400896059563867,1.0298832595
OH,7.725,1.0263343032987602,1.0268454003
OH,7.754999999999999,1.0313538610059543,1.0234433153333333
OH,7.785,1.0024008205366028,1.0200015274824172
OH,7.8149999999999995,1.0283250186936872,1.0174804384
OH,7.845,1.012195529621326,1.014918664
OH,7.875,1.0063242079386814,1.0120658975999999
OH,7.904999999999999,1.0184073012088992,1.0106823152
OH,7.935,1.024883931475331,1.0097432014932834
OH,7.965,1.0303418171342467,1.0089381258333332
OH,7.994999999999999,0.6871377386088694,1.0085085873862463
HH,0.015,0.0,0.0
HH,0.045,0.0,0.0
HH,0.075,0.0,0.0
HH,0.105,0.0,0.0
HH,0.135,0.0,0.0
HH,0.16499999999999998,0.0,0.0
HH,0.195,0.0,0.0
HH,0.22499999999999998,0.0,0.0
HH,0.255,0.0,0.0
HH,0.28500000000000003,0.0,0.0
HH,0.31499999999999995,0.0,0.0
HH,0.345,0.0,0.0
HH,0.375,0.0,0.0
HH,0.405,0.0,0.0
HH,0.43499999999999994,0.0,0.0
HH,0.46499999999999997,0.0,0.0
HH,0.495,0.0,0.0
HH,0.525,0.0,0.0
HH,0.5549999999999999,0.0,0.0
HH,0.585,0.0,0.0
HH,0.615,0.0,0.0
HH,0.645,0.0,0.0
HH,0.6749999999999999,0.0,0.0
HH,0.705,0.0,0.0
HH,0.735,0.0,0.0
HH,0.765,0.0,0.0
HH,0.7949999999999999,0.0,0.0
HH,0.825,0.0,0.0
HH,0.855,0.0,0.0
HH,0.885,0.0,0.0
HH,0.9149999999999999,0.0,0.0
HH,0.945,0.0,0.0
HH,0.975,0.0,0.0
HH,1.005,0.0,0.0
HH,1.0350000000000001,0.0,0.0
HH,1.065,0.0,0.0
HH,1.095,0.0,0.0
HH,1.125,0.0,0.0
HH,1.1549999999999998,0.0,0.0
HH,1.185,0.0,0.0
HH,1.2149999999999999,0.0,0.0
HH,1.245,0.0,0.0
HH,1.275,0.0,0.0
HH,1.305,0.0,0.0
HH,1.335,0.0,0.0
HH,1.3649999999999998,0.0,0.0
HH,1.395,0.0,0.0
HH,1.4249999999999998,0.0,0.0
HH,1.455,0.0,0.0
HH,1.4849999999999999,0.0,8.03566567533323e-06
HH,1.5150000000000001,0.0,1.331414627133333e-05
HH,1.545,0.0,1.5416233833999973e-05
HH,1.575,0.0,2.4856125493333343e-05
HH,1.605,0.0,5.7090198342333386e-05
HH,1.6349999999999998,0.0,0.0001440296974836659
HH,1.665,0.0,0.0003283780371133336
HH,1.6949999999999998,0.0,0.0009364814015199938
HH,1.725,0.00951349999138534,0.002723779448033336
HH,1.755,0.009191039876745978,0.0071297032722332935
HH,1.785,0.01776940145269788,0.017272164374333293
HH,1.815,0.07734083031881994,0.037570113794666696
HH,1.8449999999999998,0.08732054881050366,0.07343349705599972
HH,1.875,0.16909740888348648,0.1322708303723334
HH,1.9049999999999998,0.24572032752404446,0.21918197863999933
HH,1.935,0.3402290111893919,0.33444485549000014
HH,1.9649999999999999,0.48021665916813866,0.477500181469999
HH,1.9949999999999999,0.625919029507844,0.6428151394899989
HH,2.025,0.8422311495043622,0.8181102968466663
HH,2.0549999999999997,0.9854065314299323,0.9948104331633315
HH,2.085,1.2405230434043115,1.1668808823294108
HH,2.115,1.3954363633833236,1.327865788333335
HH,2.145,1.5750986530693687,1.4811636514000004
HH,2.175,1.702496900560591,1.6203889121999993
HH,2.205,1.6390189674644504,1.7405256061333336
HH,2.235,1.8021669112862346,1.8435671329333327
HH,2.2649999999999997,1.912009053426249,1.9205301290666659
HH,2.295,1.9268462550331091,1.9623099419333332
HH,2.325,1.893153500131001,1.9588896024666667
HH,2.355,1.7890801345972804,1.9052937518666666
HH,2.385,1.8214953192197703,1.8102765794666673
HH,2.415,1.5168395146621798,1.6815017508666663
HH,2.445,1.5721876313359175,1.5290029160666676
HH,2.4749999999999996,1.3656242761888469,1.3728482632666688
HH,2.505,1.2496505510747449,1.220088868800001
HH,2.535,1.1387516482966087,1.0767815233999998
HH,2.565,0.9939436360294185,0.9483437014466665
HH,2.5949999999999998,0.8071442077602359,0.8356828769400005
HH,2.625,0.8011258326804631,0.7418359099666665
HH,2.655,0.6024029008887343,0.6637102231600004
HH,2.6849999999999996,0.5261882759581376,0.5992414808800007
HH,2.715,0.5530289578647698,0.5472028805466669
HH,2.745,0.47713817791328816,0.5069139974866665
HH,2.775,0.47606804436029015,0.4770872755466668
HH,2.8049999999999997,0.46593932324263243,0.4539114342933336
HH,2.835,0.44380259072947426,0.43821722306
HH,2.865,0.4207615797147513,0.4294986144199999
HH,2.8949999999999996,0.440797331034079,0.4240927147733334
HH,2.925,0.4351106084895453,0.42246326792
HH,2.955,0.43442575530112937,0.42628069102
HH,2.985,0.41144037677803086,0.4341663103733333
HH,3.0149999999999997,0.44222123728148877,0.44577008675333313
HH,3.045,0.4457632036925081,0.4616576815599999
HH,3.075,0.5059673430013409,0.4807622156866667
HH,3.105,0.4756832883952209,0.50274871582
HH,3.135,0.524230700144942,0.5259506597219907
HH,3.165,0.5779258216817647,0.55193865581
HH,3.195,0.6822124776788863,0.5820155095199997
HH,3.2249999999999996,0.6464434083318287,0.6140110895599997
HH,3.255,0.6439341378346563,0.64585847996
HH,3.285,0.6663300778209197,0.6807515985000002
HH,3.315,0.6697809414917166,0.71771909508
HH,3.3449999999999998,0.7995053872160878,0.7549376485399997
HH,3.375,0.7170094353445774,0.7943210281399999
HH,3.405,0.8765705462991595,0.8337236523799997
HH,3.4349999999999996,0.8625258474493759,0.8745351598699993
HH,3.465,0.9101386990833934,0.9148124456599996
HH,3.495,0.9212331839227935,0.9528633145300003
HH,3.525,0.9671332123657378,0.99166709618
HH,3.5549999999999997,1.0124792104678129,1.0296200944999998
HH,3.585,1.0022129483116922,1.0630890994
HH,3.6149999999999998,1.076630701499775,1.0929993826999997
HH,3.6449999999999996,1.1548650456496745,1.1214448063999995
HH,3.675,1.1717208997475177,1.1446088265999999
HH,3.705,1.1631340607515188,1.1632338984000001
HH,3.735,1.220623007211721,1.1789132376
HH,3.7649999999999997,1.1722906724797781,1.1892583314999998
HH,3.795,1.1842971830101152,1.1953998969
HH,3.825,1.1677278449667257,1.1985937419
HH,3.8549999999999995,1.2143914465808732,1.1983592113000001
HH,3.885,1.193833250837022,1.1939334036
HH,3.915,1.201464961982857,1.1893796856
HH,3.945,1.1969038190484078,1.1848349055
HH,3.9749999999999996,1.2093636547081277,1.1784863248000002
HH,4.005,1.1295419624312815,1.1729090597
HH,4.035,1.1449754311507336,1.1680689723000002
HH,4.0649999999999995,1.239495434740236,1.1640482695910137
HH,4.095,1.1378358395514838,1.1618618928
HH,4.125,1.1146908848489703,1.1618786094
HH,4.154999999999999,1.18556077358889,1.1644407321999999
HH,4.1850000000000005,1.1581181753657126,1.1679072300000002
HH,4.215,1.1480649570538481,1.1717882155928137
HH,4.244999999999999,1.209659096329164,1.1744915365
HH,4.275,1.1656333135302495,1.1760915701666668
HH,4.305,1.1899229907074593,1.1804837226333333
HH,4.335,1.2119245376112773,1.1843755368333333
HH,4.365,1.1804651303925333,1.1843009791006966
HH,4.395,1.2025097529491755,1.184618
HH,4.425,1.2050549686149659,1.1826455
HH,4.455,1.1796085690831435,1.1779380000000002
HH,4.484999999999999,1.1251784899320376,1.1725225000000001
HH,4.515000000000001,1.169295966226422,1.164236655378154
HH,4.545,1.1778934213414574,1.1543388491000002
HH,4.574999999999999,1.0854023441310146,1.1448142858666668
HH,4.605,1.077981215495767,1.1337579512333331
HH,4.635,1.105580664727628,1.119351763774541
HH,4.664999999999999,1.123927808303879,1.1042694926000003
HH,4.695,1.0993362806164548,1.0893140014666665
HH,4.725,1.0397722793900923,1.0747204443333334
HH,4.755,1.1080778016489932,1.0610398797333331
HH,4.785,1.0490978740156236,1.0478970907969734
HH,4.8149999999999995,1.0195815188228603,1.0349867731000002
HH,4.845,1.0244809800907773,1.0229831276
HH,4.875,1.0530066684818375,1.0123759938
HH,4.904999999999999,1.0283987082598776,1.0045915630000002
HH,4.9350000000000005,0.973505997366205,0.996671341325289
HH,4.965,0.9870417460333766,0.9879125240666666
HH,4.994999999999999,0.9967791435927991,0.9822298412000001
HH,5.025,1.0050932095028395,0.9778391796666666
HH,5.055,1.0136942116923173,0.9751965248933333
HH,5.084999999999999,0.9984840487994077,0.9739299957601414
HH,5.115,0.9916751152828849,0.97316287695
HH,5.145,0.9592900093368061,0.9736056254666667
HH,5.175,0.9064454457928296,0.9751256677333333
HH,5.205,0.9435709191130134,0.9776533486850438
HH,5.234999999999999,0.9916676353621556,0.9793840002
HH,5.265,0.976824436267138,0.980998254
HH,5.295,1.020311294840443,0.98420091478
HH,5.324999999999999,0.9843873160396001,0.98814295844
HH,5.355,0.9906648585791185,0.9924309451284958
HH,5.385,0.9738001406825595,0.9971139506533333
HH,5.414999999999999,0.9948999990811874,1.0014528245733332
HH,5.445,1.0001994972956927,1.0055365697
HH,5.475,0.9977681459679593,1.0094411081999999
HH,5.505,1.01588140586066,1.0134564477850738
HH,5.535,1.0256900257552457,1.0165039973333334
HH,5.5649999999999995,0.9959219690660016,1.0183635109333333
HH,5.595,1.0282263035194834,1.0204478773333334
HH,5.625,0.9810519833653023,1.0230537328
HH,5.654999999999999,1.073801560839889,1.0249507404753175
HH,5.6850000000000005,1.0497975614060813,1.0262809765
HH,5.715,1.0080352404233033,1.028218361
HH,5.744999999999999,1.0168337966355134,1.0289686893
HH,5.775,1.0105409406985946,1.0288288944
HH,5.805,1.0177649039966559,1.0288286117796073
HH,5.834999999999999,1.0626191627335693,1.0287109606666667
HH,5.865,1.0291440875397433,1.0273854236666666
HH,5.895,1.0227691692073257,1.0244685210000002
HH,5.925,1.0378399324513927,1.0204892138928703
HH,5.955,0.9962758483453534,1.0161139127666667
HH,5.984999999999999,1.0187160900524748,1.0109154002000003
HH,6.015,1.0332269108085117,1.0059247587666669
HH,6.045,0.9815503454418562,1.00195535242
HH,6.074999999999999,1.0332457217210276,0.9966560856871439
HH,6.105,1.0056462574986904,0.9909073615199999
HH,6.135,0.9537152368756324,0.9851454982000001
HH,6.164999999999999,0.9686632084530291,0.9796230194000001
HH,6.195,0.9803270312360796,0.9746682444399999
HH,6.225,0.9862424316952473,0.9689321030765642
HH,6.255,0.9594393591763152,0.9630584288566667
HH,6.285,0.9556769216745014,0.9591442124533333
HH,6.3149999999999995,0.9885010714751323,0.95630130161
HH,6.345,0.958431901928032,0.9527174047833334
HH,6.375,0.9525671981921945,0.9490093147395087
HH,6.404999999999999,0.9036409588499472,0.9462879185666667
HH,6.4350000000000005,0.9461667196335415,0.9434940896333333
HH,6.465,0.9248756250606446,0.9405963643733333
HH,6.494999999999999,0.932457261305659,0.9381849287857073
HH,6.525,0.9448475645620038,0.93588827525
HH,6.555,0.934242344640581,0.9337144487
HH,6.584999999999999,0.9407649707928463,0.93196704815
HH,6.615,0.9374268988604437,0.93087004875
HH,6.645,0.9684104974568297,0.9305083077664078
HH,6.675,0.9104841427161192,0.93028753288
HH,6.705,0.9332099955715357,0.9293837313866666
HH,6.734999999999999,0.922106404570722,0.9291543123466667
HH,6.765,0.8932239242129905,0.9309510198400001
HH,6.795,0.9224482931295579,0.9326815773740875
HH,6.824999999999999,0.9344123737666353,0.93393251219
HH,6.855,0.9265528391476989,0.93500667163
HH,6.885,0.9167043044239944,0.93700091584
HH,6.914999999999999,0.9614582756694471,0.94013583218
HH,6.945,0.9605064847423016,0.9430218404153196
HH,6.975,0.9531346786811136,0.9462853495
HH,7.004999999999999,0.9819108971709808,0.94848561158
HH,7.035,0.9538200513803109,0.95156983468
HH,7.0649999999999995,0.9582143672497654,0.9554351820239325
HH,7.095,0.9762785361816136,0.95887285897
HH,7.125,0.9466051677926148,0.9628043613833334
HH,7.154999999999999,0.9812633048493082,0.9678083482533332
HH,7.185,0.9547156953280018,0.9732081133933332
HH,7.215,0.9905703994565669,0.9783832338955368
HH,7.244999999999999,0.9699793957521735,0.9837873079333332
HH,7.275,0.9924846876027886,0.9889159037333334
HH,7.305,1.0053045090460295,0.9940971879999999
HH,7.334999999999999,0.9934147758218681,0.9994241090666666
HH,7.365,1.0210881038768005,1.0039381159294691
HH,7.395,1.005055187993933,1.008371234
HH,7.425,1.0236516724116231,1.0128480003
HH,7.455,1.0515949035277554,1.0176487762000002
HH,7.484999999999999,0.984820579819963,1.0225638448999999
HH,7.515,1.0351206593646352,1.0259962991900269
HH,7.545,1.023921714653796,1.0292544729333333
HH,7.574999999999999,1.0355619000681802,1.0329476099333332
HH,7.605,1.00954207612552,1.0365381247333334
HH,7.635,1.056501001769641,1.0390916005466484
HH,7.664999999999999,1.0422241056503692,1.0419415582999998
HH,7.695,1.0001689063023491,1.0451275580333335
HH,7.725,1.0464957120762954,1.0484413589666666
HH,7.754999999999999,1.063833740699889,1.0506163106333333
HH,7.785,1.0561175467070172,1.0514019613346222
HH,7.8149999999999995,1.069346774003307,1.0526360864
HH,7.845,1.0402545740689066,1.0537186816
HH,7.875,1.0494621701297475,1.0540517872
HH,7.904999999999999,1.065748743814028,1.0541894912
HH,7.935,1.0460155589284308,1.053695329489017
HH,7.965,1.0223097024922299,1.051846725
HH,7.994999999999999,0.7097249282118681,1.0502084841161372
